group,run,camera,n_frames,camera_duration_s,camera_start_minus_first_command_s,camera_end_minus_last_command_s,camera_effective_hz,record_frequency_metadata,video_codec,frame_dt_s_min,frame_dt_s_p05,frame_dt_s_median,frame_dt_s_p95,frame_dt_s_p99,frame_dt_s_max,frame_dt_s_n,frame_dt_s_mean
demos,demonstration_both_in_bin_interleaved_0_blue,cam_0,892,33.34097146987915,-2.812561511993408,0.8029537200927734,26.72387638149494,26.69688560051023,not_recorded,0.03333902359008789,0.0333402156829834,0.0333409309387207,0.06668210029602051,0.06668283939361572,0.06668710708618164,891,0.0374197210660821
demos,demonstration_both_in_bin_interleaved_0_blue,cam_1,906,33.407602310180664,-2.837238073348999,0.8449079990386963,27.089642399275373,27.119899700803526,not_recorded,0.03333878517150879,0.0333402156829834,0.0333409309387207,0.06668157577514648,0.06668304443359375,0.06669139862060547,905,0.036914477690807364
demos,demonstration_both_in_bin_interleaved_0_blue,cam_2,864,33.340951919555664,-2.810051202774048,0.8054444789886475,25.88408399622866,25.860869898448797,not_recorded,0.03333854675292969,0.033339738845825195,0.0333409309387207,0.06668233871459961,0.06668424606323242,0.10002422332763672,863,0.03863377974456045
demos,demonstration_both_in_bin_interleaved_0_pink,cam_0,939,35.84157371520996,-2.394273519515991,0.36032772064208984,26.17072585744036,26.166476022532347,not_recorded,0.03333783149719238,0.03333878517150879,0.0333409309387207,0.0666816234588623,0.06669501066207886,0.10002255439758301,938,0.03821063295864601
demos,demonstration_both_in_bin_interleaved_0_pink,cam_1,977,35.808090686798096,-2.352569341659546,0.3685488700866699,27.25640996993555,27.229537250333944,not_recorded,0.03333902359008789,0.0333402156829834,0.0333409309387207,0.0666813850402832,0.06668239831924438,0.06668615341186523,976,0.03668861750696526
demos,demonstration_both_in_bin_interleaved_0_pink,cam_2,906,35.87466812133789,-2.3915810585021973,0.3961145877838135,25.226714207892982,25.255878434137426,not_recorded,0.03333258628845215,0.03333597183227539,0.0333409309387207,0.06668233871459961,0.06671165466308594,0.10001111030578613,905,0.03964051726114684
demos,demonstration_both_in_bin_interleaved_10_blue,cam_0,878,33.173725605010986,-5.019690275192261,0.8234095573425293,26.436584495879675,26.42964697327487,not_recorded,0.0,0.03333616256713867,0.0333406925201416,0.06668190956115723,0.06668305397033691,0.06676840782165527,877,0.03782636899089052
demos,demonstration_both_in_bin_interleaved_10_blue,cam_1,899,33.17418146133423,-5.050513029098511,0.7930426597595215,27.06924362389026,27.064806553148653,not_recorded,0.03333902359008789,0.0333399772644043,0.0333409309387207,0.0666816234588623,0.0666830611228943,0.1000206470489502,898,0.03694229561395794
demos,demonstration_both_in_bin_interleaved_10_blue,cam_2,828,33.14100956916809,-5.01404333114624,0.7963404655456543,24.953977285271925,24.93070630266272,not_recorded,0.033339500427246094,0.0333402156829834,0.033341169357299805,0.06668257713317871,0.06668466091156006,0.06668567657470703,827,0.04007377215135199
demos,demonstration_both_in_bin_interleaved_10_pink,cam_0,874,33.00770664215088,-4.649515390396118,0.43235158920288086,26.44836884502536,26.427709069080628,not_recorded,0.033332109451293945,0.033336639404296875,0.0333404541015625,0.06668100357055665,0.06669717788696289,0.06673121452331543,873,0.03780951505401017
demos,demonstration_both_in_bin_interleaved_10_pink,cam_1,897,33.07380557060242,-4.679612874984741,0.4683530330657959,27.09092541792069,27.12533282291852,not_recorded,0.0,0.03333163261413574,0.03333926200866699,0.06667786836624146,0.06671000719070434,0.10006332397460938,896,0.03691272943147591
demos,demonstration_both_in_bin_interleaved_10_pink,cam_2,827,33.00735664367676,-4.64295506477356,0.43856191635131836,25.024724303642092,25.008690075896816,not_recorded,0.0,0.03333592414855957,0.0333409309387207,0.06668257713317871,0.0666922926902771,0.06675434112548828,826,0.03996048019815588
demos,demonstration_both_in_bin_interleaved_11_blue,cam_0,925,34.975194454193115,-5.412890434265137,0.5303394794464111,26.418723738910426,26.382394173123444,not_recorded,0.033338308334350586,0.033339738845825195,0.033341169357299805,0.06668233871459961,0.06668353080749512,0.06671786308288574,924,0.03785194204999255
demos,demonstration_both_in_bin_interleaved_11_blue,cam_1,960,35.04127359390259,-5.4100823402404785,0.599226713180542,27.36772673031132,27.38469883261853,not_recorded,0.03333878517150879,0.033339738845825195,0.0333406925201416,0.0666813850402832,0.06668281555175781,0.0666952133178711,959,0.03653938852336036
demos,demonstration_both_in_bin_interleaved_11_blue,cam_2,867,34.974318742752075,-5.4059436321258545,0.5364105701446533,24.76102555048241,24.73255499378959,not_recorded,0.0,0.033333778381347656,0.033341169357299805,0.06668257713317871,0.06668353080749512,0.0668182373046875,866,0.04038604935652665
demos,demonstration_both_in_bin_interleaved_11_pink,cam_0,1067,40.60941028594971,-14.238873958587646,0.44020509719848633,26.250073381854087,26.201760934777766,not_recorded,0.033339500427246094,0.0333402156829834,0.033341169357299805,0.06668233871459961,0.06668329238891602,0.10002279281616211,1066,0.038095131600328055
demos,demonstration_both_in_bin_interleaved_11_pink,cam_1,1094,40.7098183631897,-14.269763469696045,0.5097236633300781,26.848559977568055,26.87457680421973,not_recorded,0.03333330154418945,0.03333687782287598,0.0333402156829834,0.0666801929473877,0.06672105789184571,0.10001063346862793,1093,0.03724594543750201
demos,demonstration_both_in_bin_interleaved_11_pink,cam_2,1010,40.676225423812866,-14.265759944915771,0.4801342487335205,24.80564480816616,24.814899988751353,not_recorded,0.033339500427246094,0.0333404541015625,0.033341407775878906,0.06668257713317871,0.06668353080749512,0.06668424606323242,1009,0.040313404780785794
demos,demonstration_both_in_bin_interleaved_12_blue,cam_0,851,32.107500076293945,-7.0888190269470215,0.39284229278564453,26.473565303440854,26.447075998199555,not_recorded,0.03333926200866699,0.0333399772644043,0.033341050148010254,0.06668210029602051,0.06668329238891602,0.0666954517364502,850,0.03777352950152229
demos,demonstration_both_in_bin_interleaved_12_blue,cam_1,869,32.14076566696167,-7.086835145950317,0.42809176445007324,27.00620168772892,27.007191202902025,not_recorded,0.033339500427246094,0.0333402156829834,0.0333409309387207,0.0666818618774414,0.06668305397033691,0.06668877601623535,868,0.0370285318743798
demos,demonstration_both_in_bin_interleaved_12_blue,cam_2,810,32.140827655792236,-7.082024097442627,0.4329648017883301,25.170478142749587,25.181210465704485,not_recorded,0.03333902359008789,0.0333399772644043,0.033341169357299805,0.06668233871459961,0.06669090270996093,0.06669259071350098,809,0.03972908239282106
demos,demonstration_both_in_bin_interleaved_12_pink,cam_0,912,34.5078022480011,-5.417086362838745,0.4125854969024658,26.399826724774123,26.365157132075037,not_recorded,0.03333568572998047,0.03333711624145508,0.0333409309387207,0.0666818618774414,0.06668305397033691,0.10002350807189941,911,0.03787903649615927
demos,demonstration_both_in_bin_interleaved_12_pink,cam_1,936,34.57455277442932,-5.448615312576294,0.44780707359313965,27.04301068187665,27.063976087383693,not_recorded,0.03332996368408203,0.03333139419555664,0.0333406925201416,0.06668097972869873,0.0666945743560791,0.0668327808380127,935,0.03697813130955008
demos,demonstration_both_in_bin_interleaved_12_pink,cam_2,876,34.50810122489929,-5.4435248374938965,0.3864459991455078,25.35636470686612,25.3264312166228,not_recorded,0.033339738845825195,0.0333404541015625,0.033341169357299805,0.06668257713317871,0.06668353080749512,0.06668424606323242,875,0.039437829971313475
demos,demonstration_both_in_bin_interleaved_13_blue,cam_0,851,31.940743923187256,-6.803640604019165,0.40919065475463867,26.611778424576578,26.577015226425,not_recorded,0.033339500427246094,0.033340322971344,0.033341169357299805,0.06668210029602051,0.06668329238891602,0.06668424606323242,850,0.037577345791985
demos,demonstration_both_in_bin_interleaved_13_blue,cam_1,878,31.973979473114014,-6.803035259246826,0.44303154945373535,27.428553294013454,27.424770824997985,not_recorded,0.03333926200866699,0.0333402156829834,0.0333409309387207,0.0666818618774414,0.0666828727722168,0.06668710708618164,877,0.03645835743798633
demos,demonstration_both_in_bin_interleaved_13_blue,cam_2,800,31.974605321884155,-6.795929193496704,0.450763463973999,24.98858052997283,24.991787874544926,not_recorded,0.033338069915771484,0.033339738845825195,0.033341169357299805,0.06668257713317871,0.06668448448181152,0.10002374649047852,799,0.04001827950173236
demos,demonstration_both_in_bin_interleaved_13_pink,cam_0,900,34.00729584693909,-2.9209184646606445,0.657707691192627,26.43550384147691,26.45595499474809,not_recorded,0.0,0.03333473205566406,0.033341169357299805,0.06668233871459961,0.06668305397033691,0.10002303123474121,899,0.03782791529136717
demos,demonstration_both_in_bin_interleaved_13_pink,cam_1,921,33.9744074344635,-2.887821674346924,0.6579160690307617,27.079206657972662,27.075055302317796,not_recorded,0.0,0.0333402156829834,0.0333409309387207,0.0666818618774414,0.06668281555175781,0.06668424606323242,920,0.0369287037331125
demos,demonstration_both_in_bin_interleaved_13_pink,cam_2,849,33.974926233291626,-2.880258321762085,0.6659982204437256,24.95958325787489,24.952664933995752,not_recorded,0.03333234786987305,0.03333592414855957,0.03333926200866699,0.06668072938919067,0.06671918153762818,0.06674861907958984,848,0.04006477150152314
demos,demonstration_both_in_bin_interleaved_14_blue,cam_0,1184,45.67826223373413,-16.291120529174805,0.4580984115600586,25.898533397497236,25.872879897412425,not_recorded,0.033284902572631836,0.03333711624145508,0.03333926200866699,0.06667923927307129,0.06670145034790038,0.0668337345123291,1183,0.03861222504964846
demos,demonstration_both_in_bin_interleaved_14_blue,cam_1,1238,45.677048444747925,-16.289806127548218,0.45819902420043945,27.081434596114622,27.056297651955727,not_recorded,0.03333640098571777,0.03333783149719238,0.0333406925201416,0.0666813850402832,0.06668320655822754,0.10002255439758301,1237,0.036925665678858466
demos,demonstration_both_in_bin_interleaved_14_blue,cam_2,1153,45.7108051776886,-16.31533122062683,0.4664306640625,25.201918791889714,25.19963771751991,not_recorded,0.03333759307861328,0.03333854675292969,0.0333399772644043,0.0666804313659668,0.06669985055923462,0.06673097610473633,1152,0.039679518383410245
demos,demonstration_both_in_bin_interleaved_14_pink,cam_0,998,37.64247417449951,-3.845233678817749,0.5675735473632812,26.486037962812947,26.48127814870944,not_recorded,0.0333247184753418,0.033340167999267575,0.033341169357299805,0.06668210029602051,0.06668353080749512,0.0667262077331543,997,0.0377557413986956
demos,demonstration_both_in_bin_interleaved_14_pink,cam_1,1032,37.64180397987366,-3.811572551727295,0.6005644798278809,27.389760611666105,27.39377137052309,not_recorded,0.03333854675292969,0.033339500427246094,0.0333406925201416,0.066680908203125,0.06668369770050049,0.06669425964355469,1031,0.03650999416088618
demos,demonstration_both_in_bin_interleaved_14_pink,cam_2,953,37.60877299308777,-3.8033509254455566,0.5757551193237305,25.31324274192543,25.29922941174084,not_recorded,0.033339500427246094,0.0333404541015625,0.033341169357299805,0.06668268442153931,0.06668376922607422,0.10002446174621582,952,0.039505013648201436
demos,demonstration_both_in_bin_interleaved_15_blue,cam_0,787,29.773579597473145,-3.144996404647827,0.45286989212036133,26.39924425031873,26.44157368748019,not_recorded,0.03333902359008789,0.033339738845825195,0.0333409309387207,0.06668257713317871,0.06668663024902344,0.1000211238861084,786,0.03787987226141622
demos,demonstration_both_in_bin_interleaved_15_blue,cam_1,807,29.77296471595764,-3.1451363563537598,0.4521150588989258,27.07153982445027,27.110054080612173,not_recorded,0.0,0.033334970474243164,0.03333687782287598,0.06667351722717285,0.06671125888824463,0.06675076484680176,806,0.036939162178607494
demos,demonstration_both_in_bin_interleaved_15_blue,cam_2,758,29.67358899116516,-3.1032726764678955,0.39460301399230957,25.51090130099816,25.469229115082673,not_recorded,0.033339738845825195,0.0333404541015625,0.033341169357299805,0.06668257713317871,0.06668329238891602,0.06668376922607422,757,0.03919892865411514
demos,demonstration_both_in_bin_interleaved_15_pink,cam_0,837,31.97406840324402,-4.418937683105469,0.4799032211303711,26.146187887531426,26.11350771742753,not_recorded,0.03333926200866699,0.0333404541015625,0.033341169357299805,0.06668233871459961,0.06668320894241334,0.06668376922607422,836,0.038246493305315814
demos,demonstration_both_in_bin_interleaved_15_pink,cam_1,870,32.00729513168335,-4.419642210006714,0.512425422668457,27.150060522914824,27.143688754218953,not_recorded,0.03333926200866699,0.0333402156829834,0.0333409309387207,0.0666816234588623,0.06668336868286133,0.10002303123474121,869,0.036832330416206385
demos,demonstration_both_in_bin_interleaved_15_pink,cam_2,798,31.94068193435669,-4.377126693725586,0.4883277416229248,24.9525041963088,24.89796347204747,not_recorded,0.0,0.03333902359008789,0.033341169357299805,0.06668233871459961,0.06669404029846192,0.06670784950256348,797,0.04007613793520287
demos,demonstration_both_in_bin_interleaved_16_blue,cam_0,829,31.70822787284851,-6.839327573776245,0.34511637687683105,26.113096049401406,26.07089392015277,not_recorded,0.03333568572998047,0.03333759307861328,0.0333409309387207,0.06668233871459961,0.06668489694595336,0.10002470016479492,828,0.038294961199092405
demos,demonstration_both_in_bin_interleaved_16_blue,cam_1,860,31.67388367652893,-6.840270519256592,0.3098292350769043,27.12013495953256,27.04596778717127,not_recorded,0.03333926200866699,0.0333402156829834,0.0333409309387207,0.0666816234588623,0.06668305397033691,0.06668400764465332,859,0.03687297284811284
demos,demonstration_both_in_bin_interleaved_16_blue,cam_2,812,31.740719318389893,-6.864075660705566,0.3528597354888916,25.550775704384368,25.544367619601072,not_recorded,0.03333640098571777,0.03333759307861328,0.0333406925201416,0.0666818618774414,0.06671755313873291,0.06674981117248535,811,0.03913775501651035
demos,demonstration_both_in_bin_interleaved_16_pink,cam_0,901,34.60796666145325,-5.696160793304443,0.43669748306274414,26.005572901872632,25.971520880054086,not_recorded,0.03333592414855957,0.03333711624145508,0.0333409309387207,0.0666818618774414,0.06668569803237916,0.06675481796264648,900,0.038453296290503605
demos,demonstration_both_in_bin_interleaved_16_pink,cam_1,942,34.60783910751343,-5.697253465652466,0.43547725677490234,27.19037143800484,27.153271565526914,not_recorded,0.03333926200866699,0.0333402156829834,0.0333409309387207,0.0666816234588623,0.06668257713317871,0.06668424606323242,941,0.036777724875147105
demos,demonstration_both_in_bin_interleaved_16_pink,cam_2,877,34.64143705368042,-5.720813512802124,0.44551515579223633,25.287634535557782,25.274454354113654,not_recorded,0.03333854675292969,0.033339738845825195,0.0333409309387207,0.06668233871459961,0.0666893720626831,0.10002446174621582,876,0.039545019467671715
demos,demonstration_both_in_bin_interleaved_17_blue,cam_0,871,32.74090552330017,-6.441255569458008,0.3718991279602051,26.572264453127655,26.54110257523771,not_recorded,0.03333878517150879,0.033339738845825195,0.0333409309387207,0.0666818618774414,0.06668288946151733,0.0666968822479248,870,0.037633224739425486
demos,demonstration_both_in_bin_interleaved_17_blue,cam_1,899,32.77404832839966,-6.475810527801514,0.3704869747161865,27.399727705345974,27.39748189550694,not_recorded,0.03333902359008789,0.0333399772644043,0.0333409309387207,0.0666816234588623,0.0666835379600525,0.06668686866760254,898,0.03649671306057868
demos,demonstration_both_in_bin_interleaved_17_blue,cam_2,827,32.774341344833374,-6.465691804885864,0.38089871406555176,25.202642253258055,25.205652893766683,not_recorded,0.033334970474243164,0.03333735466003418,0.0333409309387207,0.06668257713317871,0.06670969724655151,0.10001420974731445,826,0.03967837935209852
demos,demonstration_both_in_bin_interleaved_17_pink,cam_0,855,31.94072937965393,-4.442294120788574,0.6739301681518555,26.73702249717545,26.740424415261568,not_recorded,0.03333926200866699,0.0333402156829834,0.033341169357299805,0.06668218374252319,0.06668329238891602,0.06668376922607422,854,0.03740132245861116
demos,demonstration_both_in_bin_interleaved_17_pink,cam_1,875,31.940595149993896,-4.443812608718872,0.6722774505615234,27.36329726780833,27.369231018197326,not_recorded,0.033339500427246094,0.0333402156829834,0.0333409309387207,0.0666818618774414,0.06668281555175781,0.06668305397033691,874,0.03654530337527906
demos,demonstration_both_in_bin_interleaved_17_pink,cam_2,812,31.90741491317749,-4.433297395706177,0.6496124267578125,25.417289435913027,25.398101839921797,not_recorded,0.033339500427246094,0.0333404541015625,0.033341169357299805,0.06668257713317871,0.06668305397033691,0.10002303123474121,811,0.03934329828998458
demos,demonstration_both_in_bin_interleaved_18_blue,cam_0,985,37.642051696777344,-8.621716737747192,0.4413156509399414,26.14097679708153,26.162528802507587,not_recorded,0.0,0.0333399772644043,0.0333409309387207,0.06668210029602051,0.06668357133865356,0.1000220775604248,984,0.038254117578025756
demos,demonstration_both_in_bin_interleaved_18_blue,cam_1,1031,37.60852098464966,-8.590046882629395,0.4394547939300537,27.387410433406995,27.387092697003784,not_recorded,0.03333902359008789,0.0333399772644043,0.0333406925201416,0.0666813850402832,0.06668329238891602,0.06669163703918457,1030,0.03651312716956277
demos,demonstration_both_in_bin_interleaved_18_blue,cam_2,933,37.54204535484314,-8.579268455505371,0.3837575912475586,24.825498749224824,24.783117207139846,not_recorded,0.033339500427246094,0.0333404541015625,0.033341169357299805,0.06668233871459961,0.06668305397033691,0.06668400764465332,932,0.04028116454382311
demos,demonstration_both_in_bin_interleaved_18_pink,cam_0,848,32.74087190628052,-3.2842652797698975,0.674445390701294,25.86980586297472,25.922389101367767,not_recorded,0.03333926200866699,0.0333402156829834,0.033341169357299805,0.06668233871459961,0.06668305397033691,0.1000220775604248,847,0.03865510260481761
demos,demonstration_both_in_bin_interleaved_18_pink,cam_1,895,32.67541790008545,-3.2195076942443848,0.6737489700317383,27.360017329653253,27.36299795367691,not_recorded,0.03333687782287598,0.0333399772644043,0.0333409309387207,0.0666816234588623,0.06668307065963745,0.06677365303039551,894,0.03654968445199715
demos,demonstration_both_in_bin_interleaved_18_pink,cam_2,814,32.64042353630066,-3.240978717803955,0.6172835826873779,24.90776503239401,24.88806524239006,not_recorded,0.03333401679992676,0.03333568572998047,0.0333409309387207,0.06668210029602051,0.06669020652770996,0.06673812866210938,813,0.04014812243087412
demos,demonstration_both_in_bin_interleaved_19_blue,cam_0,747,28.206504106521606,-3.5266942977905273,0.4073221683502197,26.447800733573285,26.45734090247899,not_recorded,0.03333091735839844,0.03333473205566406,0.0333404541015625,0.066680908203125,0.06672775745391846,0.06679224967956543,746,0.03781032722053835
demos,demonstration_both_in_bin_interleaved_19_blue,cam_1,767,28.206443309783936,-3.5291013717651367,0.40485429763793945,27.15691558794648,27.15932038228741,not_recorded,0.033339500427246094,0.0333402156829834,0.0333409309387207,0.0666818618774414,0.06668281555175781,0.06668376922607422,766,0.03682303304149339
demos,demonstration_both_in_bin_interleaved_19_blue,cam_2,701,28.173276662826538,-3.5172832012176514,0.38350582122802734,24.846240228905316,24.83660715466064,not_recorded,0.03333878517150879,0.0333399772644043,0.033341169357299805,0.06668257713317871,0.06668376922607422,0.06669139862060547,700,0.0402475380897522
demos,demonstration_both_in_bin_interleaved_19_pink,cam_0,831,31.24053120613098,-5.924240827560425,0.34210801124572754,26.568050156493875,26.49422955779586,not_recorded,0.0,0.0333399772644043,0.0333409309387207,0.0666818618774414,0.06668393850326539,0.06668949127197266,830,0.03763919422425419
demos,demonstration_both_in_bin_interleaved_19_pink,cam_1,852,31.30717444419861,-5.9601476192474365,0.3728444576263428,27.182267806275792,27.172139791813432,not_recorded,0.033339500427246094,0.0333402156829834,0.0333409309387207,0.0666818618774414,0.06668269634246826,0.06668448448181152,851,0.036788689123617636
demos,demonstration_both_in_bin_interleaved_19_pink,cam_2,792,31.24063229560852,-5.914559841156006,0.35189008712768555,25.319589965891645,25.263111284621043,not_recorded,0.03333735466003418,0.03333854675292969,0.0333409309387207,0.06668269634246826,0.06668426990509033,0.0667262077331543,791,0.03949511036107272
demos,demonstration_both_in_bin_interleaved_1_blue,cam_0,894,33.67444109916687,-5.865035772323608,0.433056116104126,26.5186286943926,26.52517176068882,not_recorded,0.03333926200866699,0.0333399772644043,0.0333409309387207,0.0666816234588623,0.06668688774108887,0.06668901443481445,893,0.037709340536581044
demos,demonstration_both_in_bin_interleaved_1_blue,cam_1,939,33.64096450805664,-5.823514223098755,0.44110107421875,27.882672620024294,27.864024234592492,not_recorded,0.03333902359008789,0.0333399772644043,0.0333409309387207,0.0666813850402832,0.06668233871459961,0.06668448448181152,938,0.035864567705817314
demos,demonstration_both_in_bin_interleaved_1_blue,cam_2,875,33.674442529678345,-5.86214017868042,0.43595314025878906,25.954401449399388,25.965750122134008,not_recorded,0.03332972526550293,0.033330440521240234,0.0333409309387207,0.06668233871459961,0.06674004793167114,0.06682157516479492,874,0.03852911044585623
demos,demonstration_both_in_bin_interleaved_1_pink,cam_0,899,33.941094160079956,-2.318922281265259,0.344221830368042,26.45760315694798,26.458268383378716,not_recorded,0.03333687782287598,0.033338069915771484,0.0333406925201416,0.06668142080307007,0.0666892671585083,0.06672382354736328,898,0.03779631866378614
demos,demonstration_both_in_bin_interleaved_1_pink,cam_1,939,33.94101285934448,-2.311143398284912,0.35191941261291504,27.636181745287963,27.63479537341303,not_recorded,0.0,0.033339738845825195,0.0333409309387207,0.0666811466217041,0.06668353080749512,0.06668710708618164,938,0.03618444867733953
demos,demonstration_both_in_bin_interleaved_1_pink,cam_2,877,33.90787220001221,-2.2825429439544678,0.347379207611084,25.83470867274546,25.816911011449704,not_recorded,0.033339500427246094,0.0333404541015625,0.033341169357299805,0.06668233871459961,0.06668329238891602,0.06668591499328613,876,0.0387076166666806
demos,demonstration_both_in_bin_interleaved_20_blue,cam_0,871,33.50763702392578,-8.075838804244995,0.4550962448120117,25.96423016576148,25.920610267937878,not_recorded,0.0,0.0333402156829834,0.033341169357299805,0.06668233871459961,0.06668329238891602,0.06668472290039062,870,0.03851452531485722
demos,demonstration_both_in_bin_interleaved_20_blue,cam_1,907,33.507614850997925,-8.078662872314453,0.45225000381469727,27.038629995862493,26.99244035310357,not_recorded,0.0,0.033339500427246094,0.0333406925201416,0.0666813850402832,0.0666837215423584,0.06670117378234863,906,0.03698412235209484
demos,demonstration_both_in_bin_interleaved_20_blue,cam_2,841,33.507835149765015,-8.066182136535645,0.4649510383605957,25.068763656188956,25.039356729514896,not_recorded,0.03333926200866699,0.0333404541015625,0.033341169357299805,0.06668281555175781,0.06668424606323242,0.06668758392333984,840,0.03989027994019645
demos,demonstration_both_in_bin_interleaved_20_pink,cam_0,918,34.90809679031372,-5.012088298797607,0.46930384635925293,26.268977237809445,26.244821156974663,not_recorded,0.03333902359008789,0.0333402156829834,0.033341169357299805,0.06668257713317871,0.06668353080749512,0.10002565383911133,917,0.03806771732858639
demos,demonstration_both_in_bin_interleaved_20_pink,cam_1,952,34.90794801712036,-5.015024900436401,0.4662184715270996,27.243079413707978,27.22399762674668,not_recorded,0.03333926200866699,0.0333402156829834,0.0333409309387207,0.06668150424957275,0.06668353080749512,0.06668543815612793,951,0.03670656994439575
demos,demonstration_both_in_bin_interleaved_20_pink,cam_2,888,34.908148765563965,-5.002235174179077,0.47920894622802734,25.409539931690787,25.390425300410442,not_recorded,0.03333878517150879,0.0333399772644043,0.0333409309387207,0.06668233871459961,0.06669102191925048,0.10002255439758301,887,0.039355297368166814
demos,demonstration_both_in_bin_interleaved_21_blue,cam_0,965,36.10845112800598,-7.9854326248168945,0.446882963180542,26.69735117085414,26.650383531787277,not_recorded,0.0,0.0333402156829834,0.0333409309387207,0.0666818618774414,0.06668689489364624,0.06669402122497559,964,0.03745689951037965
demos,demonstration_both_in_bin_interleaved_21_blue,cam_1,982,36.14152979850769,-7.988543748855591,0.4768505096435547,27.14328932585765,27.130462876330256,not_recorded,0.03333926200866699,0.0333399772644043,0.0333409309387207,0.0666818618774414,0.06668305397033691,0.06668400764465332,981,0.03684151865291304
demos,demonstration_both_in_bin_interleaved_21_blue,cam_2,913,36.141721963882446,-7.975425720214844,0.4901607036590576,25.233994133190173,25.226683470579665,not_recorded,0.033333778381347656,0.03333616256713867,0.0333409309387207,0.06668210029602051,0.06671962976455688,0.10000872611999512,912,0.039629081100748295
demos,demonstration_both_in_bin_interleaved_21_pink,cam_0,865,32.97426104545593,-2.307776927947998,0.4384183883666992,26.20225511070444,26.178255281935837,not_recorded,0.03333926200866699,0.0333404541015625,0.033341169357299805,0.06668233871459961,0.06668305397033691,0.1000223159790039,864,0.03816465398779622
demos,demonstration_both_in_bin_interleaved_21_pink,cam_1,884,33.00770115852356,-2.344663619995117,0.43497180938720703,26.751332840759904,26.74906412915735,not_recorded,0.03333544731140137,0.03333687782287598,0.0333409309387207,0.0666816234588623,0.06668376922607422,0.06673002243041992,883,0.03738131501531547
demos,demonstration_both_in_bin_interleaved_21_pink,cam_2,836,33.04145312309265,-2.364105701446533,0.4492816925048828,25.271285645013567,25.302347781071234,not_recorded,0.03333735466003418,0.03333902359008789,0.0333406925201416,0.0666816234588623,0.06670419216156005,0.06672191619873047,835,0.03957060254262593
demos,demonstration_both_in_bin_interleaved_22_blue,cam_0,892,33.975377559661865,-6.433612585067749,0.31019139289855957,26.22487412937134,26.20214675113184,not_recorded,0.03333616256713867,0.033339738845825195,0.033341169357299805,0.06668233871459961,0.06668376922607422,0.10002613067626953,891,0.03813173687953071
demos,demonstration_both_in_bin_interleaved_22_blue,cam_1,919,33.941025257110596,-6.404010057449341,0.30544161796569824,27.04691425924679,27.00851821393936,not_recorded,0.0,0.0333399772644043,0.0333406925201416,0.0666813850402832,0.06668301343917847,0.10002350807189941,918,0.03697279439772396
demos,demonstration_both_in_bin_interleaved_22_blue,cam_2,861,33.97456359863281,-6.423232793807983,0.31975722312927246,25.313055089090465,25.308615916467353,not_recorded,0.03333640098571777,0.03333759307861328,0.0333409309387207,0.06668233871459961,0.06671306371688843,0.10002279281616211,860,0.039505306510038155
demos,demonstration_both_in_bin_interleaved_22_pink,cam_0,1007,37.47562265396118,-6.198947429656982,0.39850306510925293,26.8441170221268,26.842601849304913,not_recorded,0.0,0.0333402156829834,0.033341169357299805,0.06668210029602051,0.06668400764465332,0.06669902801513672,1006,0.037252109993997196
demos,demonstration_both_in_bin_interleaved_22_pink,cam_1,1021,37.40852928161621,-6.1362388134002686,0.3941183090209961,27.26650899107284,27.222912764517787,not_recorded,0.033339500427246094,0.0333402156829834,0.0333409309387207,0.0666818618774414,0.06668305397033691,0.10002279281616211,1020,0.036675028707466875
demos,demonstration_both_in_bin_interleaved_22_pink,cam_2,956,37.47545528411865,-6.1884191036224365,0.40886402130126953,25.483346173107332,25.492846285482482,not_recorded,0.0,0.03333687782287598,0.0333409309387207,0.06668257713317871,0.06670495033264161,0.10002398490905762,955,0.039241314433632095
demos,demonstration_both_in_bin_interleaved_23_blue,cam_0,914,34.37472367286682,-5.642450332641602,0.4075813293457031,26.560213507131785,26.574461419179997,not_recorded,0.03333926200866699,0.0333402156829834,0.0333409309387207,0.06668210029602051,0.06668469429016113,0.06668734550476074,913,0.03765029975122324
demos,demonstration_both_in_bin_interleaved_23_blue,cam_1,951,34.30780506134033,-5.613302946090698,0.3698101043701172,27.690491953695552,27.65320137424126,not_recorded,0.03333902359008789,0.0333399772644043,0.0333409309387207,0.0666813850402832,0.06668257713317871,0.06668806076049805,950,0.03611347901193719
demos,demonstration_both_in_bin_interleaved_23_blue,cam_2,894,34.37474274635315,-5.631742477416992,0.4183082580566406,25.97837623365892,25.99853599501527,not_recorded,0.033339738845825195,0.0333404541015625,0.033341169357299805,0.06668267250061036,0.06668376922607422,0.10002517700195312,893,0.03849355290745034
demos,demonstration_both_in_bin_interleaved_23_pink,cam_0,975,36.241668462753296,-7.04895281791687,0.46335744857788086,26.875142379303274,26.85838628260429,not_recorded,0.03333878517150879,0.0333402156829834,0.0333409309387207,0.0666818618774414,0.06668305397033691,0.06668710708618164,974,0.03720910519789866
demos,demonstration_both_in_bin_interleaved_23_pink,cam_1,998,36.174208641052246,-7.0193493366241455,0.42550110816955566,27.56107285975445,27.50239531914225,not_recorded,0.03333234786987305,0.033333778381347656,0.0333404541015625,0.0666776180267334,0.06668307304382325,0.06682085990905762,997,0.036283057814495735
demos,demonstration_both_in_bin_interleaved_23_pink,cam_2,934,36.24187970161438,-7.038220167160034,0.4743013381958008,25.743697834702537,25.745746780848375,not_recorded,0.033339500427246094,0.0333404541015625,0.033341407775878906,0.06668257713317871,0.06668376922607422,0.10002398490905762,933,0.0388444584154495
demos,demonstration_both_in_bin_interleaved_24_blue,cam_0,799,29.973565101623535,-2.763772964477539,0.38762712478637695,26.623459614978394,26.562826826909596,not_recorded,0.03333926200866699,0.0333402156829834,0.033341169357299805,0.06668233871459961,0.06668329238891602,0.06668400764465332,798,0.037560858523337765
demos,demonstration_both_in_bin_interleaved_24_blue,cam_1,824,30.006834745407104,-2.7685048580169678,0.4161648750305176,27.427084761946436,27.399906935151478,not_recorded,0.03333926200866699,0.0333402156829834,0.0333409309387207,0.0666818618774414,0.06668257713317871,0.06668376922607422,823,0.03646030953269393
demos,demonstration_both_in_bin_interleaved_24_blue,cam_2,788,30.00698971748352,-2.786147356033325,0.39867734909057617,26.22722263744623,26.203192565337257,not_recorded,0.033339500427246094,0.0333404541015625,0.033341169357299805,0.06668257713317871,0.06668329238891602,0.10002517700195312,787,0.038128322385620736
demos,demonstration_both_in_bin_interleaved_24_pink,cam_0,954,35.27441453933716,-3.2700984477996826,0.4290590286254883,27.016748894222975,26.979986639082124,not_recorded,0.03333425521850586,0.033336639404296875,0.0333409309387207,0.0666813850402832,0.06668305397033691,0.06676292419433594,953,0.037014076116828075
demos,demonstration_both_in_bin_interleaved_24_pink,cam_1,966,35.30802822113037,-3.3090226650238037,0.4237484931945801,27.330894661018995,27.32034657838776,not_recorded,0.03333926200866699,0.0333402156829834,0.0333409309387207,0.0666816234588623,0.06668305397033691,0.06668424606323242,965,0.03658863028096412
demos,demonstration_both_in_bin_interleaved_24_pink,cam_2,939,35.341564893722534,-3.3258745670318604,0.4404332637786865,26.540986592436095,26.553454421139932,not_recorded,0.0,0.0333404541015625,0.033341169357299805,0.06668233871459961,0.06668344259262085,0.06668376922607422,938,0.03767757451356347
demos,demonstration_both_in_bin_interleaved_2_blue,cam_0,991,36.80842041969299,-5.656812429428101,0.3757951259613037,26.896019680060405,26.896555230906657,not_recorded,0.03333902359008789,0.0333402156829834,0.033341169357299805,0.06668210029602051,0.06668305397033691,0.10002326965332031,990,0.03718022264615454
demos,demonstration_both_in_bin_interleaved_2_blue,cam_1,1013,36.80821657180786,-5.649279356002808,0.38312435150146484,27.4938612694186,27.5028800661763,not_recorded,0.033338308334350586,0.033339500427246094,0.0333406925201416,0.0666811466217041,0.06668257713317871,0.06670475006103516,1012,0.03637175550573899
demos,demonstration_both_in_bin_interleaved_2_blue,cam_2,951,36.74189209938049,-5.620309829711914,0.34576940536499023,25.856044577955146,25.821522380563348,not_recorded,0.033339500427246094,0.0333404541015625,0.033341169357299805,0.06668257713317871,0.06668329238891602,0.06668376922607422,950,0.03867567589408473
demos,demonstration_both_in_bin_interleaved_2_pink,cam_0,1045,39.34243083000183,-4.470943927764893,0.3416874408721924,26.536235254784113,26.516738074745557,not_recorded,0.03333878517150879,0.0333399772644043,0.0333409309387207,0.0666816234588623,0.06668519973754883,0.10002732276916504,1044,0.03768432071839256
demos,demonstration_both_in_bin_interleaved_2_pink,cam_1,1086,39.37553119659424,-4.49682879447937,0.34890294075012207,27.555183816640074,27.55954747520872,not_recorded,0.03333878517150879,0.0333399772644043,0.0333409309387207,0.06668157577514648,0.06668257713317871,0.06668305397033691,1085,0.036290812162759666
demos,demonstration_both_in_bin_interleaved_2_pink,cam_2,1017,39.309157609939575,-4.434260606765747,0.34509754180908203,25.846394625945834,25.806896230448615,not_recorded,0.03333926200866699,0.0333402156829834,0.033341169357299805,0.06668257713317871,0.06668353080749512,0.06668782234191895,1016,0.038690115757814544
demos,demonstration_both_in_bin_interleaved_3_blue,cam_0,861,32.40744471549988,-4.577376127243042,0.6040511131286621,26.537112307058198,26.476054373652413,not_recorded,0.03332924842834473,0.03333091735839844,0.03333926200866699,0.06667542457580566,0.0667427682876587,0.0999917984008789,860,0.037683075250581254
demos,demonstration_both_in_bin_interleaved_3_blue,cam_1,891,32.474032402038574,-4.603605031967163,0.6444098949432373,27.406513271327825,27.40260449496953,not_recorded,0.033339500427246094,0.0333402156829834,0.0333409309387207,0.0666816234588623,0.06668305397033691,0.06668353080749512,890,0.03648767685622312
demos,demonstration_both_in_bin_interleaved_3_blue,cam_2,832,32.47431468963623,-4.640608072280884,0.6076891422271729,25.58945455637908,25.586683613100433,not_recorded,0.03333878517150879,0.0333399772644043,0.033341169357299805,0.06668233871459961,0.06668322086334229,0.10002422332763672,831,0.03907859770112663
demos,demonstration_both_in_bin_interleaved_3_pink,cam_0,812,30.37332797050476,-2.6984667778015137,0.5018355846405029,26.701058270188703,26.695816474900276,not_recorded,0.033335208892822266,0.03333616256713867,0.0333406925201416,0.0666813850402832,0.06669621467590332,0.06671452522277832,811,0.037451699100499086
demos,demonstration_both_in_bin_interleaved_3_pink,cam_1,838,30.37357187271118,-2.692657470703125,0.5078887939453125,27.55685118324835,27.56154448864267,not_recorded,0.033339500427246094,0.0333402156829834,0.0333409309387207,0.0666816234588623,0.06668281555175781,0.06668424606323242,837,0.036288616335377756
demos,demonstration_both_in_bin_interleaved_3_pink,cam_2,784,30.373666286468506,-2.6945641040802,0.5060765743255615,25.77890968496046,25.788680365839546,not_recorded,0.03333902359008789,0.0333402156829834,0.033341169357299805,0.06668233871459961,0.06668333530426025,0.06668639183044434,783,0.03879140011043232
demos,demonstration_both_in_bin_interleaved_4_blue,cam_0,874,32.54082202911377,-1.9992363452911377,0.7162613868713379,26.827841018242882,26.769273204002197,not_recorded,0.033339500427246094,0.0333402156829834,0.033341169357299805,0.06668210029602051,0.06668257713317871,0.10002255439758301,873,0.03727471022807992
demos,demonstration_both_in_bin_interleaved_4_blue,cam_1,896,32.5741446018219,-1.9934027194976807,0.7554175853729248,27.47577905545191,27.450108290018104,not_recorded,0.03333425521850586,0.03333568572998047,0.0333404541015625,0.06668097972869873,0.06668783664703369,0.06673407554626465,895,0.03639569229253844
demos,demonstration_both_in_bin_interleaved_4_blue,cam_2,844,32.57421350479126,-1.9948863983154297,0.7540028095245361,25.879366200998383,25.861733967441,not_recorded,0.03333926200866699,0.0333402156829834,0.033341169357299805,0.06668233871459961,0.06668305397033691,0.06668972969055176,843,0.038640822662860334
demos,demonstration_both_in_bin_interleaved_4_pink,cam_0,1033,38.20875024795532,-5.734619379043579,0.7967782020568848,27.00951989538642,26.99656318641337,not_recorded,0.0,0.0333402156829834,0.0333409309387207,0.0666818618774414,0.0666834568977356,0.1000211238861084,1032,0.03702398279840632
demos,demonstration_both_in_bin_interleaved_4_pink,cam_1,1041,38.208698749542236,-5.7289745807647705,0.8023715019226074,27.21893270475378,27.219856322224235,not_recorded,0.03333878517150879,0.0333399772644043,0.0333406925201416,0.0666811466217041,0.06668257713317871,0.0666961669921875,1040,0.03673913341302138
demos,demonstration_both_in_bin_interleaved_4_pink,cam_2,1005,38.20889592170715,-5.730224370956421,0.801318883895874,26.276603282577703,26.279992606172506,not_recorded,0.033339500427246094,0.0333404541015625,0.033341169357299805,0.06668257713317871,0.06668329238891602,0.10002470016479492,1004,0.03805666924472824
demos,demonstration_both_in_bin_interleaved_5_blue,cam_0,891,33.507779359817505,-4.773857355117798,0.6572086811065674,26.560996192641973,26.536057181964743,not_recorded,0.03333854675292969,0.033339500427246094,0.0333406925201416,0.0666813850402832,0.06668400764465332,0.06670355796813965,890,0.03764919029192978
demos,demonstration_both_in_bin_interleaved_5_blue,cam_1,918,33.50750017166138,-4.768367767333984,0.6624190807342529,27.367007246202846,27.34780295643449,not_recorded,0.03333544731140137,0.033336639404296875,0.0333402156829834,0.06667804718017578,0.06669641494750976,0.06671881675720215,917,0.03654034915121197
demos,demonstration_both_in_bin_interleaved_5_blue,cam_2,852,33.507758140563965,-4.769261837005615,0.66178297996521,25.397103453775763,25.383882454629134,not_recorded,0.033338308334350586,0.033339738845825195,0.0333409309387207,0.06668210029602051,0.06668460369110107,0.06670069694519043,851,0.03937456890783075
demos,demonstration_both_in_bin_interleaved_5_pink,cam_0,961,36.908498764038086,-4.837198257446289,0.3925354480743408,26.01026950831658,25.995461107261185,not_recorded,0.033338308334350586,0.033339500427246094,0.0333409309387207,0.0666816234588623,0.06668396472930908,0.06670641899108887,960,0.03844635287920634
demos,demonstration_both_in_bin_interleaved_5_pink,cam_1,1020,36.94185519218445,-4.865248441696167,0.3978416919708252,27.583888104666258,27.593333916994347,not_recorded,0.03333902359008789,0.0333399772644043,0.0333409309387207,0.0666816234588623,0.06668305397033691,0.06669402122497559,1019,0.036253047293605935
demos,demonstration_both_in_bin_interleaved_5_pink,cam_2,964,36.87531232833862,-4.832456350326538,0.3640909194946289,26.115033045020095,26.080419117646823,not_recorded,0.033339500427246094,0.0333404541015625,0.033341169357299805,0.06668257713317871,0.06668353080749512,0.06668925285339355,963,0.03829212079785942
demos,demonstration_both_in_bin_interleaved_6_blue,cam_0,1005,37.84205222129822,-7.145375728607178,0.4182910919189453,26.53133065111437,26.527191384939194,not_recorded,0.0,0.0333402156829834,0.033341169357299805,0.06668230295181274,0.06668328523635864,0.10002398490905762,1004,0.037691287073006195
demos,demonstration_both_in_bin_interleaved_6_blue,cam_1,1048,37.809062242507935,-7.1402435302734375,0.39043331146240234,27.691773820903705,27.661492643425753,not_recorded,0.03333926200866699,0.0333402156829834,0.0333409309387207,0.0666816234588623,0.06668281555175781,0.06672525405883789,1047,0.036111807299434515
demos,demonstration_both_in_bin_interleaved_6_blue,cam_2,968,37.80884003639221,-7.1405274868011475,0.3899271488189697,25.576029284929973,25.55440872128009,not_recorded,0.033339500427246094,0.0333404541015625,0.033341169357299805,0.06668274402618408,0.06668353080749512,0.06668400764465332,967,0.039099110689133625
demos,demonstration_both_in_bin_interleaved_6_pink,cam_0,851,32.27407956123352,-2.3953866958618164,0.3437314033508301,26.336924601902197,26.33513409533783,not_recorded,0.033339500427246094,0.033340322971344,0.033341169357299805,0.06668210029602051,0.06668293714523316,0.06668329238891602,850,0.037969505366157084
demos,demonstration_both_in_bin_interleaved_6_pink,cam_1,876,32.30733394622803,-2.3906540870666504,0.38171839714050293,27.08363374880578,27.109706169888266,not_recorded,0.03333926200866699,0.0333402156829834,0.0333409309387207,0.0666813850402832,0.06668329238891602,0.10002803802490234,875,0.036922667367117745
demos,demonstration_both_in_bin_interleaved_6_pink,cam_2,841,32.274272441864014,-2.390247344970703,0.3490636348724365,26.02692288457008,26.040081048109137,not_recorded,0.033339500427246094,0.0333402156829834,0.033341169357299805,0.06668233871459961,0.06668534517288208,0.10002303123474121,840,0.038421752906980966
demos,demonstration_both_in_bin_interleaved_7_blue,cam_0,1073,40.54269099235535,-13.676381587982178,0.7360889911651611,26.441264103612024,26.43356796708102,not_recorded,0.033335208892822266,0.033336639404296875,0.033341169357299805,0.06668233871459961,0.06668693780899047,0.10002350807189941,1072,0.0378196744331673
demos,demonstration_both_in_bin_interleaved_7_blue,cam_1,1098,40.509193658828735,-13.638510942459106,0.7404623031616211,27.080272425045308,27.047905185445867,not_recorded,0.0,0.0333399772644043,0.0333409309387207,0.0666816234588623,0.06668305397033691,0.06669116020202637,1097,0.03692725037267888
demos,demonstration_both_in_bin_interleaved_7_blue,cam_2,1028,40.54287838935852,-13.671144485473633,0.7415134906768799,25.331205893599343,25.326376077289403,not_recorded,0.0,0.0333402156829834,0.033341169357299805,0.06668257713317871,0.06668376922607422,0.1000220775604248,1027,0.03947699940541238
demos,demonstration_both_in_bin_interleaved_7_pink,cam_0,880,33.1742730140686,-5.202305555343628,0.544466495513916,26.49643594683242,26.463531785565916,not_recorded,0.03333926200866699,0.0333402156829834,0.033341169357299805,0.06668210029602051,0.06668305397033691,0.06668424606323242,879,0.03774092493068101
demos,demonstration_both_in_bin_interleaved_7_pink,cam_1,912,33.20752429962158,-5.231368064880371,0.5486552715301514,27.433541620878415,27.432495285091164,not_recorded,0.0,0.0333402156829834,0.0333409309387207,0.0666816234588623,0.06668281555175781,0.06668376922607422,911,0.03645172810057254
demos,demonstration_both_in_bin_interleaved_7_pink,cam_2,841,33.241008043289185,-5.230279207229614,0.5832278728485107,25.269991779613985,25.30030193375357,not_recorded,0.0,0.0333404541015625,0.033341169357299805,0.06668257713317871,0.06668305397033691,0.10002350807189941,840,0.03957262862296332
demos,demonstration_both_in_bin_interleaved_8_blue,cam_0,954,36.00830388069153,-6.436870098114014,0.49437928199768066,26.466117458840383,26.438150166373983,not_recorded,0.03333926200866699,0.0333402156829834,0.033341169357299805,0.06668210029602051,0.06668329238891602,0.10002350807189941,953,0.037784159371134864
demos,demonstration_both_in_bin_interleaved_8_blue,cam_1,967,35.97561073303223,-6.432750463485718,0.4658057689666748,26.851524694562986,26.798705130836634,not_recorded,0.0,0.033339500427246094,0.0333406925201416,0.0666816234588623,0.0666915774345398,0.0667412281036377,966,0.03724183305696918
demos,demonstration_both_in_bin_interleaved_8_blue,cam_2,897,36.04168772697449,-6.464667081832886,0.4999661445617676,24.860101080377863,24.86119060214669,not_recorded,0.0,0.0333402156829834,0.033341169357299805,0.06668281555175781,0.06668401956558227,0.10002422332763672,896,0.04022509790956974
demos,demonstration_both_in_bin_interleaved_8_pink,cam_0,855,32.307400941848755,-3.9807193279266357,0.39635658264160156,26.433571723616677,26.425911021462774,not_recorded,0.033339500427246094,0.0333402156829834,0.0333409309387207,0.06668210029602051,0.06668329238891602,0.10002374649047852,854,0.03783068025977606
demos,demonstration_both_in_bin_interleaved_8_pink,cam_1,879,32.24097990989685,-3.943485975265503,0.3671689033508301,27.232422911888133,27.164629718477897,not_recorded,0.03333926200866699,0.0333402156829834,0.0333409309387207,0.0666818618774414,0.06668281555175781,0.06671500205993652,878,0.03672093383815131
demos,demonstration_both_in_bin_interleaved_8_pink,cam_2,820,32.3074996471405,-3.975081205368042,0.40209341049194336,25.350151170627303,25.349146866184686,not_recorded,0.03333640098571777,0.03333756923675537,0.0333406925201416,0.06668233871459961,0.06671060562133789,0.06674766540527344,819,0.03944749651665507
demos,demonstration_both_in_bin_interleaved_9_blue,cam_0,828,31.740732669830322,-2.820924758911133,0.6882388591766357,26.054849098869933,26.06024268803933,not_recorded,0.03333473205566406,0.033335757255554196,0.0333409309387207,0.06668210029602051,0.06668329238891602,0.10002350807189941,827,0.03838057154755783
demos,demonstration_both_in_bin_interleaved_9_blue,cam_1,864,31.67389178276062,-2.817429542541504,0.6248931884765625,27.246414994374366,27.192981250524472,not_recorded,0.03333592414855957,0.03333711624145508,0.0333406925201416,0.0666813850402832,0.06668400764465332,0.06672525405883789,863,0.03670207622567859
demos,demonstration_both_in_bin_interleaved_9_blue,cam_2,792,31.774107694625854,-2.8484368324279785,0.6941018104553223,24.894483508463296,24.934996393649765,not_recorded,0.03333854675292969,0.033339738845825195,0.033341169357299805,0.06668257713317871,0.06668426990509033,0.0666959285736084,791,0.04016954196539299
demos,demonstration_both_in_bin_interleaved_9_pink,cam_0,849,32.54090094566345,-4.99957275390625,0.4540677070617676,26.05951204043133,26.10166765829815,not_recorded,0.03333854675292969,0.033339500427246094,0.0333406925201416,0.0666818618774414,0.0666902208328247,0.06670093536376953,848,0.03837370394535784
demos,demonstration_both_in_bin_interleaved_9_pink,cam_1,872,32.473995208740234,-4.962892770767212,0.4238419532775879,26.821461123008792,26.800920236232287,not_recorded,0.0,0.0333402156829834,0.0333409309387207,0.06668174266815186,0.06668257713317871,0.10002303123474121,871,0.03728357658867995
demos,demonstration_both_in_bin_interleaved_9_pink,cam_2,808,32.44080352783203,-4.960108757019043,0.3934342861175537,24.87607926565839,24.849974002832138,not_recorded,0.03333926200866699,0.0333402156829834,0.033341169357299805,0.06668281555175781,0.06668329238891602,0.1000208854675293,807,0.040199260877115284
original,demonstration_base_prompt_no_intervention_0,cam_0,1495,56.64639735221863,-12.780463933944702,0.27826595306396484,26.37413974820917,26.354844658684605,FFV1,0.0,0.033333539962768555,0.03333878517150879,0.0666801929473877,0.06671679973602294,0.10000753402709961,1494,0.037915928615942854
original,demonstration_base_prompt_no_intervention_0,cam_1,1518,56.67916464805603,-12.798500776290894,0.2929964065551758,26.764685214040636,26.762590364964957,FFV1,0.03332996368408203,0.03333258628845215,0.03333640098571777,0.06667304039001465,0.06673423767089844,0.06678915023803711,1517,0.03736266621493476
original,demonstration_base_prompt_no_intervention_0,cam_2,1430,56.64652180671692,-12.785755157470703,0.2730991840362549,25.226615058129745,25.211855841657034,FFV1,0.0,0.03333258628845215,0.0333404541015625,0.0666816234588623,0.06673486709594727,0.10001325607299805,1429,0.03964067306278301
original,demonstration_base_prompt_no_intervention_1,cam_0,1152,43.3100483417511,-12.978920221328735,-0.12040162086486816,26.575818870431284,26.53701287854371,FFV1,0.03333759307861328,0.03333878517150879,0.0333409309387207,0.06668210029602051,0.06668877601623535,0.0667119026184082,1151,0.037628191435057426
original,demonstration_base_prompt_no_intervention_1,cam_1,1166,43.342878341674805,-12.996904373168945,-0.10555577278137207,26.87869483000707,26.855274436125466,FFV1,0.033324241638183594,0.03332829475402832,0.03333616256713867,0.06667375564575195,0.06673515319824219,0.06680798530578613,1165,0.037204187417746615
original,demonstration_base_prompt_no_intervention_1,cam_2,1099,43.31035852432251,-12.984026670455933,-0.1251978874206543,25.351902810580015,25.31894269037003,FFV1,0.03333401679992676,0.03333544731140137,0.0333404541015625,0.06668189764022828,0.06672210216522217,0.1000223159790039,1098,0.03944477096932833
original,demonstration_base_prompt_no_intervention_2,cam_0,1123,43.67712044715881,-12.747812747955322,-0.10299301147460938,25.68850667152866,25.658811754041416,FFV1,0.0,0.03333522081375122,0.033339500427246094,0.0666816234588623,0.06672518253326416,0.10008502006530762,1122,0.03892791483703994
original,demonstration_base_prompt_no_intervention_2,cam_1,1190,43.676568031311035,-12.7666015625,-0.12233424186706543,27.22283488820882,27.196418832679456,FFV1,0.03333544731140137,0.03333687782287598,0.0333399772644043,0.06667881011962891,0.06668825149536133,0.06675219535827637,1189,0.0367338671415568
original,demonstration_base_prompt_no_intervention_2,cam_2,1101,43.710488080978394,-12.752671718597412,-0.07448434829711914,25.165584926943193,25.169103390152344,FFV1,0.0,0.03333163261413574,0.0333409309387207,0.06668258905410766,0.06673480033874511,0.06680011749267578,1100,0.039736807346343994
original,demonstration_base_prompt_no_intervention_3,cam_0,1319,51.24422764778137,-12.982898950576782,-0.040546417236328125,25.71997004343694,25.722154696544628,FFV1,0.0,0.03332877159118652,0.0333406925201416,0.0666816234588623,0.06674885272979736,0.06684708595275879,1318,0.038880294118195276
original,demonstration_base_prompt_no_intervention_3,cam_1,1378,51.211901903152466,-12.968737125396729,-0.058710336685180664,26.888280825892068,26.862541167224183,FFV1,0.03333425521850586,0.03333759307861328,0.0333404541015625,0.066680908203125,0.0666983699798584,0.06674623489379883,1377,0.03719092367694442
original,demonstration_base_prompt_no_intervention_3,cam_2,1297,51.24728035926819,-12.987677097320557,-0.04227185249328613,25.28914687597886,25.29663651565511,FFV1,0.0,0.03333252668380737,0.03333878517150879,0.0666818618774414,0.0667446494102478,0.10001516342163086,1296,0.03954265459820076
original,demonstration_base_prompt_no_intervention_4,cam_0,2662,97.5893406867981,-12.824300527572632,41.035061836242676,27.26732224311441,27.269012808318973,FFV1,0.03332996368408203,0.03333306312561035,0.0333406925201416,0.06667876243591309,0.06671466827392578,0.10002303123474121,2661,0.03667393486914622
original,demonstration_base_prompt_no_intervention_4,cam_1,2714,97.52222776412964,-12.776957035064697,41.01529240608215,27.819298863452424,27.803173905271407,FFV1,0.0,0.03333234786987305,0.0333404541015625,0.06667528152465821,0.06668329238891602,0.06679582595825195,2713,0.035946268987884125
original,demonstration_base_prompt_no_intervention_4,cam_2,2567,97.58942127227783,-12.795454502105713,41.06398844718933,26.293833558462982,26.298462877794098,FFV1,0.033330678939819336,0.03333306312561035,0.0333409309387207,0.0666818618774414,0.06668576002120971,0.06684136390686035,2566,0.03803173081538497
original,demonstration_base_prompt_no_intervention_5,cam_0,1184,45.64399981498718,-12.588886022567749,-0.0021657943725585938,25.917973989903544,25.91326688278067,FFV1,0.03332662582397461,0.033330440521240234,0.0333409309387207,0.06668257713317871,0.06671957492828369,0.06683135032653809,1183,0.038583262734562286
original,demonstration_base_prompt_no_intervention_5,cam_1,1224,45.64368486404419,-12.542064666748047,0.04434061050415039,26.794506263963324,26.792098466920343,FFV1,0.03332829475402832,0.03333330154418945,0.0333402156829834,0.0666813611984253,0.06672791004180909,0.06677818298339844,1223,0.03732108329030596
original,demonstration_base_prompt_no_intervention_5,cam_2,1149,45.67777705192566,-12.593174695968628,0.027322769165039062,25.132571549945933,25.152921273794203,FFV1,0.033333539962768555,0.03333544731140137,0.0333409309387207,0.0666818618774414,0.06671698093414306,0.06679868698120117,1148,0.03978900440063211
original,demonstration_base_prompt_no_intervention_6,cam_0,1144,44.043609857559204,-13.336341142654419,-0.1162867546081543,25.951551285113997,25.953035885609008,FFV1,0.03333091735839844,0.03333306312561035,0.0333406925201416,0.0666818618774414,0.06670567989349366,0.06681632995605469,1143,0.0385333419576196
original,demonstration_base_prompt_no_intervention_6,cam_1,1180,44.01055073738098,-13.289700269699097,-0.10270500183105469,26.78903081752621,26.77256964832015,FFV1,0.03332853317260742,0.033333539962768555,0.0333402156829834,0.0666806697845459,0.06674835205078125,0.10001945495605469,1179,0.037328711397269704
original,demonstration_base_prompt_no_intervention_6,cam_2,1126,44.04362082481384,-13.340493202209473,-0.12042784690856934,25.542859077702882,25.550191873960475,FFV1,0.03333616256713867,0.03333854675292969,0.0333409309387207,0.06668233871459961,0.06669976234436036,0.06672835350036621,1125,0.0391498851776123
original,demonstration_base_prompt_no_intervention_7,cam_0,1904,71.18277549743652,-13.48949146270752,13.770995855331421,26.733995502444717,26.728937665381636,FFV1,0.0,0.03333687782287598,0.0333402156829834,0.0666811466217041,0.06669732570648193,0.1000063419342041,1903,0.03740555727663506
original,demonstration_base_prompt_no_intervention_7,cam_1,1935,71.18298268318176,-13.476499080657959,13.78419542312622,27.16941503572232,27.167610540587155,FFV1,0.03331637382507324,0.03332829475402832,0.033339500427246094,0.06667375564575195,0.06671990156173706,0.06680965423583984,1934,0.03680609239047661
original,demonstration_base_prompt_no_intervention_7,cam_2,1837,71.18330073356628,-13.493573427200317,13.767439126968384,25.792566249098357,25.789423433572644,FFV1,0.0,0.0333251953125,0.033341169357299805,0.06668233871459961,0.06676347255706787,0.10002303123474121,1836,0.038770860965994705
original,demonstration_base_prompt_no_intervention_8,cam_0,1164,44.24349594116211,-12.748390674591064,-0.12401795387268066,26.286349558512136,26.26276881707777,FFV1,0.033321380615234375,0.033326148986816406,0.0333409309387207,0.0666818618774414,0.06672153949737548,0.06686210632324219,1163,0.038042558848806626
original,demonstration_base_prompt_no_intervention_8,cam_1,1200,44.24401044845581,-12.735779523849487,-0.11089229583740234,27.09971333626803,27.0825832686298,FFV1,0.033332109451293945,0.03333401679992676,0.0333406925201416,0.0666811466217041,0.06668854236602784,0.0667581558227539,1199,0.0369007593398297
original,demonstration_base_prompt_no_intervention_8,cam_2,1111,44.276772260665894,-12.75227689743042,-0.09462785720825195,25.069578095377324,25.069760783515072,FFV1,0.03333258628845215,0.03333626985549927,0.0333409309387207,0.06668233871459961,0.06670466423034668,0.06674909591674805,1110,0.03988898401861792
original,demonstration_base_prompt_no_intervention_9,cam_0,2123,80.31858587265015,-12.9041748046875,23.533228397369385,26.41978786036592,26.393691942206836,FFV1,0.0,0.033336639404296875,0.0333406925201416,0.066680908203125,0.06669377088546753,0.1000676155090332,2122,0.03785041747061741
original,demonstration_base_prompt_no_intervention_9,cam_1,2193,80.38570237159729,-12.925714015960693,23.578805685043335,27.268530787565776,27.269696531531253,FFV1,0.03333234786987305,0.03333926200866699,0.0333406925201416,0.0666811466217041,0.06668353080749512,0.0667581558227539,2192,0.03667230947609365
original,demonstration_base_prompt_no_intervention_9,cam_2,2060,80.35207414627075,-12.907923221588135,23.562968254089355,25.624727449497467,25.61543846133609,FFV1,0.03332686424255371,0.033333539962768555,0.0333406925201416,0.0666818618774414,0.06671257972717286,0.10003972053527832,2059,0.039024805316304395
recent,demonstration_dracorex_base_0,cam_0,1534,56.68128252029419,-1.2206084728240967,0.05005359649658203,27.045965296411985,27.04546036383686,FFV1,0.033330678939819336,0.033333539962768555,0.0333409309387207,0.0666818618774414,0.0666832160949707,0.06689810752868652,1533,0.03697409166359699
recent,demonstration_dracorex_base_0,cam_1,1555,56.64684271812439,-1.165956974029541,0.07026529312133789,27.433126462717954,27.42336234591783,FFV1,0.0,0.033334970474243164,0.0333399772644043,0.06667765378952026,0.06669543266296386,0.10001301765441895,1554,0.036452279741392785
recent,demonstration_dracorex_base_0,cam_2,1483,56.68120265007019,-1.2006685733795166,0.06991362571716309,26.146234213648338,26.155753703088557,FFV1,0.0,0.03333878517150879,0.0333409309387207,0.06668233871459961,0.06669163703918457,0.06680989265441895,1482,0.03824642553985843
recent,demonstration_dracorex_base_1,cam_0,1532,58.0123131275177,-1.1590211391448975,0.09116768836975098,26.390949049638596,26.374273157120655,FFV1,0.0,0.03332638740539551,0.033338069915771484,0.06667947769165039,0.06673400402069092,0.1002187728881836,1531,0.03789177865938452
recent,demonstration_dracorex_base_1,cam_1,1572,58.046420097351074,-1.206489086151123,0.07780671119689941,27.0645458818173,27.063865018855687,FFV1,0.0,0.033334970474243164,0.0333406925201416,0.0666811466217041,0.06668477058410645,0.1000208854675293,1571,0.0369487078913756
recent,demonstration_dracorex_base_1,cam_2,1484,57.97993779182434,-1.1377334594726562,0.08008003234863281,25.5778128863242,25.548455365540942,FFV1,0.0,0.033338308334350586,0.0333409309387207,0.06668210029602051,0.06669772624969482,0.1000204086303711,1483,0.039096384215660376
recent,demonstration_dracorex_base_2,cam_0,1541,57.27984309196472,-1.3790972232818604,0.08736538887023926,26.88554850835534,26.872325222073318,FFV1,0.0,0.033339738845825195,0.0333409309387207,0.0666813850402832,0.06668448448181152,0.10002255439758301,1540,0.0371947033064706
recent,demonstration_dracorex_base_2,cam_1,1567,57.279751777648926,-1.3948900699615479,0.07148122787475586,27.33950395034825,27.328712785705292,FFV1,0.0,0.03333759307861328,0.0333409309387207,0.0666813850402832,0.06668329238891602,0.1000218391418457,1566,0.03657710841484606
recent,demonstration_dracorex_base_2,cam_2,1495,57.24753785133362,-1.3566410541534424,0.07751631736755371,26.09719222999206,26.073541073446744,FFV1,0.0,0.033336079120635985,0.0333406925201416,0.0666818618774414,0.06671098232269287,0.10002374649047852,1494,0.03831829842793415
recent,demonstration_dracorex_base_3,cam_0,1525,56.98007297515869,-1.2329959869384766,0.10347723960876465,26.746192491968383,26.739779125454355,FFV1,0.0,0.03333592414855957,0.0333409309387207,0.0666818618774414,0.06668329238891602,0.10002517700195312,1524,0.03738849932753195
recent,demonstration_dracorex_base_3,cam_1,1566,57.01294827461243,-1.2836003303527832,0.08574819564819336,27.449904756054977,27.461355075466507,FFV1,0.0,0.033338308334350586,0.0333404541015625,0.0666799545288086,0.06668266296386718,0.06672477722167969,1565,0.03642999889751593
recent,demonstration_dracorex_base_3,cam_2,1499,56.91324329376221,-1.2428841590881348,0.02675938606262207,26.320763205638354,26.286474413352185,FFV1,0.0,0.0333402156829834,0.033341169357299805,0.06668233871459961,0.06668305397033691,0.10002350807189941,1498,0.037992819288225774
recent,demonstration_dracorex_base_4,cam_0,1534,56.746885538101196,-1.1522881984710693,0.09298038482666016,27.014698436105498,27.005413697733374,FFV1,0.0,0.03333687782287598,0.0333399772644043,0.06668100357055665,0.06669609069824219,0.10002493858337402,1533,0.03701688554344501
recent,demonstration_dracorex_base_4,cam_1,1557,56.746360778808594,-1.1382081508636475,0.10653567314147949,27.420260588430086,27.410620517059748,FFV1,0.0,0.03333878517150879,0.0333406925201416,0.066680908203125,0.0666841983795166,0.10001993179321289,1556,0.036469383533938686
recent,demonstration_dracorex_base_4,cam_2,1489,56.747636795043945,-1.160891056060791,0.0851287841796875,26.221356236810806,26.21678574510978,FFV1,0.03332996368408203,0.033332109451293945,0.033341169357299805,0.06668257713317871,0.0666861605644226,0.10002303123474121,1488,0.03813685268484136
recent,demonstration_dracorex_base_5,cam_0,1532,57.14656972885132,-1.1889472007751465,0.0748746395111084,26.79075939753303,26.757162469291153,FFV1,0.0,0.03333640098571777,0.0333409309387207,0.06668210029602051,0.06668305397033691,0.10002350807189941,1531,0.03732630289278335
recent,demonstration_dracorex_base_5,cam_1,1570,57.212992429733276,-1.2104251384735107,0.11981940269470215,27.42384086843532,27.42791170303533,FFV1,0.0,0.03333091735839844,0.03333783149719238,0.06667423248291016,0.06672048568725586,0.10001826286315918,1569,0.0364646223261525
recent,demonstration_dracorex_base_5,cam_2,1495,57.21321725845337,-1.2293572425842285,0.10111212730407715,26.11284719842002,26.11896423107191,FFV1,0.0,0.033338308334350586,0.0333406925201416,0.0666816234588623,0.06668673038482666,0.06673455238342285,1494,0.038295326143543085
recent,demonstration_dracorex_base_6,cam_0,1533,57.04650259017944,-1.2524282932281494,0.06715917587280273,26.855283504509423,26.84444362281226,FFV1,0.0,0.0333404541015625,0.033341169357299805,0.06668210029602051,0.06668329238891602,0.06668400764465332,1532,0.037236620489673265
recent,demonstration_dracorex_base_6,cam_1,1565,57.04631495475769,-1.2426435947418213,0.07675623893737793,27.41631955088383,27.40868758863655,FFV1,0.0,0.03333616256713867,0.03333878517150879,0.06667709350585938,0.0666902232170105,0.06676816940307617,1564,0.03647462593015197
recent,demonstration_dracorex_base_6,cam_2,1488,57.013479232788086,-1.2248377799987793,0.06172633171081543,26.081551591133834,26.065690571318775,FFV1,0.0,0.033338069915771484,0.0333409309387207,0.06668233871459961,0.06668809413909912,0.10010552406311035,1487,0.0383412772244708
