group,run,before_command_index,time_s,dt_s,gripper_changed,previous_gripper_changed,index_mod_75,index_mod_100
demos,demonstration_both_in_bin_interleaved_0_blue,1,0.0,1.0039920806884766,False,False,1,1
demos,demonstration_both_in_bin_interleaved_0_pink,1,0.0,1.0040709972381592,False,False,1,1
demos,demonstration_both_in_bin_interleaved_10_blue,1,0.0,1.0036499500274658,False,False,1,1
demos,demonstration_both_in_bin_interleaved_10_pink,1,0.0,1.0037493705749512,False,False,1,1
demos,demonstration_both_in_bin_interleaved_11_blue,1,0.0,1.0037198066711426,False,False,1,1
demos,demonstration_both_in_bin_interleaved_11_pink,1,0.0,1.0043554306030273,False,False,1,1
demos,demonstration_both_in_bin_interleaved_12_blue,1,0.0,1.0038788318634033,False,False,1,1
demos,demonstration_both_in_bin_interleaved_12_pink,1,0.0,1.003920555114746,False,False,1,1
demos,demonstration_both_in_bin_interleaved_13_blue,1,0.0,1.0037987232208252,False,False,1,1
demos,demonstration_both_in_bin_interleaved_13_pink,1,0.0,1.0040080547332764,False,False,1,1
demos,demonstration_both_in_bin_interleaved_14_blue,1,0.0,1.0040481090545654,False,False,1,1
demos,demonstration_both_in_bin_interleaved_14_pink,1,0.0,1.0048015117645264,False,False,1,1
demos,demonstration_both_in_bin_interleaved_15_blue,1,0.0,1.0036535263061523,False,False,1,1
demos,demonstration_both_in_bin_interleaved_15_pink,1,0.0,1.0041968822479248,False,False,1,1
demos,demonstration_both_in_bin_interleaved_16_blue,1,0.0,1.004607915878296,False,False,1,1
demos,demonstration_both_in_bin_interleaved_16_pink,1,0.0,1.0041472911834717,False,False,1,1
demos,demonstration_both_in_bin_interleaved_17_blue,1,0.0,1.0040132999420166,False,False,1,1
demos,demonstration_both_in_bin_interleaved_17_pink,1,0.0,1.0039708614349365,False,False,1,1
demos,demonstration_both_in_bin_interleaved_18_blue,1,0.0,1.0042200088500977,False,False,1,1
demos,demonstration_both_in_bin_interleaved_18_pink,1,0.0,1.0038213729858398,False,False,1,1
demos,demonstration_both_in_bin_interleaved_19_blue,1,0.0,1.0036911964416504,False,False,1,1
demos,demonstration_both_in_bin_interleaved_19_pink,1,0.0,1.004941463470459,False,False,1,1
demos,demonstration_both_in_bin_interleaved_1_blue,1,0.0,1.0038468837738037,False,False,1,1
demos,demonstration_both_in_bin_interleaved_1_pink,1,0.0,1.0044872760772705,False,False,1,1
demos,demonstration_both_in_bin_interleaved_20_blue,1,0.0,1.0040998458862305,False,False,1,1
demos,demonstration_both_in_bin_interleaved_20_pink,1,0.0,1.0036578178405762,False,False,1,1
demos,demonstration_both_in_bin_interleaved_21_blue,1,0.0,1.0035591125488281,False,False,1,1
demos,demonstration_both_in_bin_interleaved_21_pink,1,0.0,1.0037150382995605,False,False,1,1
demos,demonstration_both_in_bin_interleaved_22_blue,1,0.0,1.0040338039398193,False,False,1,1
demos,demonstration_both_in_bin_interleaved_22_pink,1,0.0,1.0052242279052734,False,False,1,1
demos,demonstration_both_in_bin_interleaved_23_blue,1,0.0,1.0039169788360596,False,False,1,1
demos,demonstration_both_in_bin_interleaved_23_pink,1,0.0,1.0037517547607422,False,False,1,1
demos,demonstration_both_in_bin_interleaved_24_blue,1,0.0,1.0035881996154785,False,False,1,1
demos,demonstration_both_in_bin_interleaved_24_pink,1,0.0,1.0037600994110107,False,False,1,1
demos,demonstration_both_in_bin_interleaved_2_blue,1,0.0,1.0037860870361328,False,False,1,1
demos,demonstration_both_in_bin_interleaved_2_pink,1,0.0,1.004197359085083,False,False,1,1
demos,demonstration_both_in_bin_interleaved_3_blue,1,0.0,1.003643274307251,False,False,1,1
demos,demonstration_both_in_bin_interleaved_3_pink,1,0.0,1.0039935111999512,False,False,1,1
demos,demonstration_both_in_bin_interleaved_4_blue,1,0.0,1.003810167312622,False,False,1,1
demos,demonstration_both_in_bin_interleaved_4_pink,1,0.0,1.003882646560669,False,False,1,1
demos,demonstration_both_in_bin_interleaved_5_blue,1,0.0,1.0038089752197266,False,False,1,1
demos,demonstration_both_in_bin_interleaved_5_pink,1,0.0,1.0038487911224365,False,False,1,1
demos,demonstration_both_in_bin_interleaved_6_blue,1,0.0,1.0036776065826416,False,False,1,1
demos,demonstration_both_in_bin_interleaved_6_pink,1,0.0,1.0037617683410645,False,False,1,1
demos,demonstration_both_in_bin_interleaved_7_blue,1,0.0,1.004342794418335,False,False,1,1
demos,demonstration_both_in_bin_interleaved_7_pink,1,0.0,1.0043792724609375,False,False,1,1
demos,demonstration_both_in_bin_interleaved_8_blue,1,0.0,1.0039970874786377,False,False,1,1
demos,demonstration_both_in_bin_interleaved_8_pink,1,0.0,1.0047259330749512,False,False,1,1
demos,demonstration_both_in_bin_interleaved_9_blue,1,0.0,1.0049841403961182,False,False,1,1
demos,demonstration_both_in_bin_interleaved_9_pink,1,0.0,1.0036799907684326,False,False,1,1
original,demonstration_base_prompt_no_intervention_0,1,0.0,1.064206838607788,False,False,1,1
original,demonstration_base_prompt_no_intervention_0,100,6.050117492675781,0.35733532905578613,False,False,25,0
original,demonstration_base_prompt_no_intervention_0,200,11.363093614578247,0.36653804779052734,False,False,50,0
original,demonstration_base_prompt_no_intervention_0,300,16.69189763069153,0.38233518600463867,False,False,0,0
original,demonstration_base_prompt_no_intervention_0,400,22.03316020965576,0.39831018447875977,False,False,25,0
original,demonstration_base_prompt_no_intervention_0,500,27.40618586540222,0.3573577404022217,False,False,50,0
original,demonstration_base_prompt_no_intervention_0,600,32.73572063446045,0.40075016021728516,False,False,0,0
original,demonstration_base_prompt_no_intervention_0,700,38.14066004753113,0.3621940612792969,False,False,25,0
original,demonstration_base_prompt_no_intervention_0,710,38.941078901290894,0.1290884017944336,False,False,35,10
original,demonstration_base_prompt_no_intervention_1,1,0.0,1.0470547676086426,False,False,1,1
original,demonstration_base_prompt_no_intervention_1,100,5.971216440200806,0.3886299133300781,False,False,25,0
original,demonstration_base_prompt_no_intervention_1,200,11.352279663085938,0.370589017868042,False,False,50,0
original,demonstration_base_prompt_no_intervention_1,300,16.727863073349,0.38668060302734375,False,False,0,0
original,demonstration_base_prompt_no_intervention_1,351,19.67972159385681,0.16902756690979004,False,False,51,51
original,demonstration_base_prompt_no_intervention_1,400,22.32070279121399,0.4031100273132324,False,False,25,0
original,demonstration_base_prompt_no_intervention_1,500,27.7478084564209,0.3937058448791504,False,False,50,0
original,demonstration_base_prompt_no_intervention_2,1,0.0,1.042484998703003,False,False,1,1
original,demonstration_base_prompt_no_intervention_2,100,5.980348110198975,0.3643636703491211,False,False,25,0
original,demonstration_base_prompt_no_intervention_2,200,11.311643838882446,0.35128116607666016,False,False,50,0
original,demonstration_base_prompt_no_intervention_2,300,16.823111534118652,0.39504241943359375,False,False,0,0
original,demonstration_base_prompt_no_intervention_2,400,22.317694902420044,0.35216331481933594,False,False,25,0
original,demonstration_base_prompt_no_intervention_2,475,26.37885046005249,0.10186910629272461,False,False,25,75
original,demonstration_base_prompt_no_intervention_2,500,27.693780660629272,0.34769582748413086,False,False,50,0
original,demonstration_base_prompt_no_intervention_2,521,29.03200054168701,0.13161754608154297,False,False,71,21
original,demonstration_base_prompt_no_intervention_3,1,0.0,1.0760486125946045,False,False,1,1
original,demonstration_base_prompt_no_intervention_3,100,6.030343294143677,0.38570427894592285,False,False,25,0
original,demonstration_base_prompt_no_intervention_3,200,11.56157922744751,0.3654215335845947,False,False,50,0
original,demonstration_base_prompt_no_intervention_3,300,16.929024934768677,0.38915467262268066,False,False,0,0
original,demonstration_base_prompt_no_intervention_3,400,22.401840925216675,0.3802511692047119,False,False,25,0
original,demonstration_base_prompt_no_intervention_3,500,27.804017543792725,0.3822207450866699,False,False,50,0
original,demonstration_base_prompt_no_intervention_3,600,33.156545639038086,0.38434934616088867,False,False,0,0
original,demonstration_base_prompt_no_intervention_4,1,0.0,1.055027961730957,False,False,1,1
original,demonstration_base_prompt_no_intervention_4,100,6.051953315734863,0.37982869148254395,False,False,25,0
original,demonstration_base_prompt_no_intervention_4,200,11.405740737915039,0.3869180679321289,False,False,50,0
original,demonstration_base_prompt_no_intervention_4,300,16.82246208190918,0.3961751461029053,False,False,0,0
original,demonstration_base_prompt_no_intervention_4,400,22.223588228225708,0.3394641876220703,True,False,25,0
original,demonstration_base_prompt_no_intervention_4,500,27.554617404937744,0.3901493549346924,True,False,50,0
original,demonstration_base_prompt_no_intervention_4,555,30.634559631347656,0.12668228149414062,False,False,30,55
original,demonstration_base_prompt_no_intervention_4,600,32.95204830169678,0.35448479652404785,False,False,0,0
original,demonstration_base_prompt_no_intervention_4,700,38.315000772476196,0.3711581230163574,True,False,25,0
original,demonstration_base_prompt_no_intervention_4,710,39.11839842796326,0.1554093360900879,False,False,35,10
original,demonstration_base_prompt_no_intervention_5,1,0.0,1.060908317565918,False,False,1,1
original,demonstration_base_prompt_no_intervention_5,100,5.993376731872559,0.35521769523620605,False,False,25,0
original,demonstration_base_prompt_no_intervention_5,200,11.314543962478638,0.35541653633117676,False,False,50,0
original,demonstration_base_prompt_no_intervention_5,300,16.65584087371826,0.37990260124206543,False,False,0,0
original,demonstration_base_prompt_no_intervention_5,355,19.777425289154053,0.1261897087097168,False,False,55,55
original,demonstration_base_prompt_no_intervention_5,399,22.1463565826416,0.11684441566467285,False,False,24,99
original,demonstration_base_prompt_no_intervention_5,400,22.263200998306274,0.4050486087799072,False,False,25,0
original,demonstration_base_prompt_no_intervention_5,500,27.669217348098755,0.3683457374572754,False,False,50,0
original,demonstration_base_prompt_no_intervention_6,1,0.0,1.0560595989227295,False,False,1,1
original,demonstration_base_prompt_no_intervention_6,100,6.017204999923706,0.3899221420288086,False,False,25,0
original,demonstration_base_prompt_no_intervention_6,200,11.415685176849365,0.3599669933319092,False,False,50,0
original,demonstration_base_prompt_no_intervention_6,220,12.713979244232178,0.10151553153991699,False,False,70,20
original,demonstration_base_prompt_no_intervention_6,255,14.52704381942749,0.14365482330322266,False,False,30,55
original,demonstration_base_prompt_no_intervention_6,300,16.88490319252014,0.38161134719848633,False,False,0,0
original,demonstration_base_prompt_no_intervention_6,400,22.2480525970459,0.39452624320983887,False,False,25,0
original,demonstration_base_prompt_no_intervention_6,500,27.608006477355957,0.3485381603240967,False,False,50,0
original,demonstration_base_prompt_no_intervention_7,1,0.0,1.0534677505493164,False,False,1,1
original,demonstration_base_prompt_no_intervention_7,100,6.009956121444702,0.36702895164489746,False,False,25,0
original,demonstration_base_prompt_no_intervention_7,200,11.346686124801636,0.40407752990722656,False,False,50,0
original,demonstration_base_prompt_no_intervention_7,242,13.868954181671143,0.11421751976013184,False,False,17,42
original,demonstration_base_prompt_no_intervention_7,300,16.868183374404907,0.37215757369995117,False,False,0,0
original,demonstration_base_prompt_no_intervention_7,400,22.263064861297607,0.3716273307800293,False,False,25,0
original,demonstration_base_prompt_no_intervention_7,500,27.64606261253357,0.38515305519104004,False,False,50,0
original,demonstration_base_prompt_no_intervention_7,503,28.11172914505005,0.1010446548461914,False,False,53,3
original,demonstration_base_prompt_no_intervention_7,558,30.914888381958008,0.11497211456298828,False,False,33,58
original,demonstration_base_prompt_no_intervention_7,600,33.09317088127136,0.3481869697570801,False,False,0,0
original,demonstration_base_prompt_no_intervention_7,700,38.43094873428345,0.368011474609375,False,False,25,0
original,demonstration_base_prompt_no_intervention_7,710,39.24548602104187,0.1382591724395752,False,False,35,10
original,demonstration_base_prompt_no_intervention_8,1,0.0,1.0437471866607666,False,False,1,1
original,demonstration_base_prompt_no_intervention_8,100,5.984137058258057,0.3960850238800049,False,False,25,0
original,demonstration_base_prompt_no_intervention_8,200,11.360605955123901,0.3992753028869629,False,False,50,0
original,demonstration_base_prompt_no_intervention_8,300,16.76790428161621,0.3769872188568115,False,False,0,0
original,demonstration_base_prompt_no_intervention_8,355,19.90780806541443,0.17514491081237793,False,False,55,55
original,demonstration_base_prompt_no_intervention_8,400,22.3557345867157,0.38357090950012207,False,False,25,0
original,demonstration_base_prompt_no_intervention_8,500,27.730921030044556,0.3823225498199463,False,False,50,0
original,demonstration_base_prompt_no_intervention_9,1,0.0,1.0530633926391602,False,False,1,1
original,demonstration_base_prompt_no_intervention_9,100,6.020261287689209,0.3786647319793701,False,False,25,0
original,demonstration_base_prompt_no_intervention_9,200,11.435994386672974,0.39986634254455566,False,False,50,0
original,demonstration_base_prompt_no_intervention_9,300,16.87934446334839,0.3688018321990967,False,False,0,0
original,demonstration_base_prompt_no_intervention_9,400,22.226113080978394,0.3617665767669678,True,False,25,0
original,demonstration_base_prompt_no_intervention_9,493,27.222888231277466,0.10938787460327148,False,False,43,93
original,demonstration_base_prompt_no_intervention_9,500,27.617581367492676,0.37849926948547363,False,False,50,0
original,demonstration_base_prompt_no_intervention_9,550,30.488978147506714,0.15395021438598633,False,False,25,50
original,demonstration_base_prompt_no_intervention_9,600,33.08658409118652,0.35808300971984863,True,False,0,0
original,demonstration_base_prompt_no_intervention_9,700,38.43293285369873,0.3634641170501709,False,False,25,0
original,demonstration_base_prompt_no_intervention_9,710,39.2360417842865,0.11587214469909668,False,False,35,10
recent,demonstration_dracorex_base_0,1,0.0,1.0363187789916992,False,False,1,1
recent,demonstration_dracorex_base_0,75,4.695476770401001,0.5019247531890869,False,False,0,75
recent,demonstration_dracorex_base_0,150,8.917047262191772,0.49153852462768555,False,False,0,50
recent,demonstration_dracorex_base_0,225,13.182788610458374,0.5024363994598389,False,False,0,25
recent,demonstration_dracorex_base_0,300,17.393624305725098,0.48975133895874023,False,False,0,0
recent,demonstration_dracorex_base_0,375,21.625364065170288,0.49838924407958984,True,False,0,75
recent,demonstration_dracorex_base_0,450,25.847424030303955,0.5051183700561523,False,False,0,50
recent,demonstration_dracorex_base_0,525,30.057173252105713,0.49335265159606934,False,False,0,25
recent,demonstration_dracorex_base_0,600,34.255693435668945,0.49721860885620117,False,False,0,0
recent,demonstration_dracorex_base_0,675,38.49453377723694,0.49105048179626465,False,False,0,75
recent,demonstration_dracorex_base_0,750,42.7158088684082,0.5021395683288574,False,False,0,50
recent,demonstration_dracorex_base_0,825,46.95849800109863,0.4962317943572998,False,False,0,25
recent,demonstration_dracorex_base_0,900,51.18093824386597,0.49916696548461914,False,False,0,0
recent,demonstration_dracorex_base_1,1,0.0,1.046682357788086,False,False,1,1
recent,demonstration_dracorex_base_1,75,4.753685712814331,0.4979550838470459,False,False,0,75
recent,demonstration_dracorex_base_1,83,5.590006589889526,0.11421632766723633,False,False,8,83
recent,demonstration_dracorex_base_1,150,9.129670858383179,0.4854133129119873,False,False,0,50
recent,demonstration_dracorex_base_1,225,13.372108459472656,0.5126674175262451,False,False,0,25
recent,demonstration_dracorex_base_1,300,17.617613554000854,0.520409107208252,False,False,0,0
recent,demonstration_dracorex_base_1,375,21.87141180038452,0.49747157096862793,True,False,0,75
recent,demonstration_dracorex_base_1,450,26.110207557678223,0.5063891410827637,False,False,0,50
recent,demonstration_dracorex_base_1,513,29.785626888275146,0.10732293128967285,False,False,63,13
recent,demonstration_dracorex_base_1,525,30.471612691879272,0.53584885597229,False,False,0,25
recent,demonstration_dracorex_base_1,527,31.04089856147766,0.10585331916809082,False,False,2,27
recent,demonstration_dracorex_base_1,600,34.8978431224823,0.5338947772979736,False,False,0,0
recent,demonstration_dracorex_base_1,675,39.25732231140137,0.5205843448638916,True,False,0,75
recent,demonstration_dracorex_base_1,750,43.633893728256226,0.5223112106323242,False,False,0,50
recent,demonstration_dracorex_base_1,825,48.113914251327515,0.5265476703643799,False,False,0,25
recent,demonstration_dracorex_base_1,900,52.45588946342468,0.5222241878509521,False,False,0,0
recent,demonstration_dracorex_base_2,1,0.0,1.0602068901062012,False,False,1,1
recent,demonstration_dracorex_base_2,75,4.754334211349487,0.5171632766723633,False,False,0,75
recent,demonstration_dracorex_base_2,150,9.038191556930542,0.6143817901611328,False,False,0,50
recent,demonstration_dracorex_base_2,225,13.463695049285889,0.511387825012207,False,False,0,25
recent,demonstration_dracorex_base_2,300,17.691936016082764,0.4820880889892578,False,False,0,0
recent,demonstration_dracorex_base_2,375,21.90450692176819,0.5183765888214111,False,False,0,75
recent,demonstration_dracorex_base_2,450,26.181864738464355,0.4740946292877197,False,False,0,50
recent,demonstration_dracorex_base_2,525,30.358378171920776,0.5055129528045654,False,False,0,25
recent,demonstration_dracorex_base_2,600,34.58917260169983,0.4943234920501709,False,False,0,0
recent,demonstration_dracorex_base_2,675,38.81278371810913,0.5234150886535645,True,False,0,75
recent,demonstration_dracorex_base_2,750,43.049009799957275,0.512364387512207,False,False,0,50
recent,demonstration_dracorex_base_2,825,47.29731893539429,0.5060014724731445,False,False,0,25
recent,demonstration_dracorex_base_2,900,51.57960867881775,0.5046765804290771,False,False,0,0
recent,demonstration_dracorex_base_3,1,0.0,1.041351079940796,False,False,1,1
recent,demonstration_dracorex_base_3,75,4.705828428268433,0.4892537593841553,False,False,0,75
recent,demonstration_dracorex_base_3,150,8.916869163513184,0.5114619731903076,False,False,0,50
recent,demonstration_dracorex_base_3,225,13.150291442871094,0.5058317184448242,False,False,0,25
recent,demonstration_dracorex_base_3,300,17.422536849975586,0.49088048934936523,False,False,0,0
recent,demonstration_dracorex_base_3,375,21.627477884292603,0.49863171577453613,False,False,0,75
recent,demonstration_dracorex_base_3,450,25.85415005683899,0.5144340991973877,False,False,0,50
recent,demonstration_dracorex_base_3,525,30.121923685073853,0.49366331100463867,False,False,0,25
recent,demonstration_dracorex_base_3,600,34.33648729324341,0.49255871772766113,False,False,0,0
recent,demonstration_dracorex_base_3,675,38.55670952796936,0.5015609264373779,False,False,0,75
recent,demonstration_dracorex_base_3,750,42.82227325439453,0.5030412673950195,False,False,0,50
recent,demonstration_dracorex_base_3,825,47.04545474052429,0.5279955863952637,False,False,0,25
recent,demonstration_dracorex_base_3,900,51.37822675704956,0.5088419914245605,False,False,0,0
recent,demonstration_dracorex_base_4,1,0.0,1.0460748672485352,False,False,1,1
recent,demonstration_dracorex_base_4,75,4.737894535064697,0.49236154556274414,False,False,0,75
recent,demonstration_dracorex_base_4,150,8.932797908782959,0.4966754913330078,False,False,0,50
recent,demonstration_dracorex_base_4,225,13.165976285934448,0.5037422180175781,False,False,0,25
recent,demonstration_dracorex_base_4,300,17.421752214431763,0.49204134941101074,False,False,0,0
recent,demonstration_dracorex_base_4,375,21.661519765853882,0.4861719608306885,False,False,0,75
recent,demonstration_dracorex_base_4,450,25.896183729171753,0.5082371234893799,False,False,0,50
recent,demonstration_dracorex_base_4,513,29.504978895187378,0.1017298698425293,False,False,63,13
recent,demonstration_dracorex_base_4,525,30.14486050605774,0.4926314353942871,False,False,0,25
recent,demonstration_dracorex_base_4,600,34.38616371154785,0.49159979820251465,False,False,0,0
recent,demonstration_dracorex_base_4,675,38.59085154533386,0.48429059982299805,False,False,0,75
recent,demonstration_dracorex_base_4,750,42.81394076347351,0.48786044120788574,False,False,0,50
recent,demonstration_dracorex_base_4,825,47.047585248947144,0.47260284423828125,False,False,0,25
recent,demonstration_dracorex_base_4,900,51.261831760406494,0.49588966369628906,True,False,0,0
recent,demonstration_dracorex_base_5,1,0.0,1.0378332138061523,False,False,1,1
recent,demonstration_dracorex_base_5,75,4.725162506103516,0.513587474822998,False,False,0,75
recent,demonstration_dracorex_base_5,150,9.001705884933472,0.49309849739074707,False,False,0,50
recent,demonstration_dracorex_base_5,225,13.242292642593384,0.49512767791748047,False,False,0,25
recent,demonstration_dracorex_base_5,300,17.506717205047607,0.4970700740814209,False,False,0,0
recent,demonstration_dracorex_base_5,375,21.76010251045227,0.5135860443115234,False,False,0,75
recent,demonstration_dracorex_base_5,450,26.117751836776733,0.5348234176635742,False,False,0,50
recent,demonstration_dracorex_base_5,525,30.354969263076782,0.4838385581970215,False,False,0,25
recent,demonstration_dracorex_base_5,600,34.600696086883545,0.5168843269348145,False,False,0,0
recent,demonstration_dracorex_base_5,675,38.85795593261719,0.4994082450866699,False,False,0,75
recent,demonstration_dracorex_base_5,750,43.11846327781677,0.5130734443664551,False,False,0,50
recent,demonstration_dracorex_base_5,825,47.373236894607544,0.5066540241241455,False,False,0,25
recent,demonstration_dracorex_base_5,900,51.59643888473511,0.4999861717224121,False,False,0,0
recent,demonstration_dracorex_base_6,1,0.0,1.035776138305664,False,False,1,1
recent,demonstration_dracorex_base_6,75,4.739374399185181,0.49077486991882324,False,False,0,75
recent,demonstration_dracorex_base_6,150,8.964393615722656,0.4892234802246094,False,False,0,50
recent,demonstration_dracorex_base_6,225,13.20003080368042,0.4852292537689209,False,False,0,25
recent,demonstration_dracorex_base_6,300,17.383424997329712,0.521265983581543,False,False,0,0
recent,demonstration_dracorex_base_6,375,21.673322677612305,0.5006237030029297,True,False,0,75
recent,demonstration_dracorex_base_6,450,25.894619703292847,0.49155569076538086,False,False,0,50
recent,demonstration_dracorex_base_6,525,30.109963178634644,0.502039909362793,False,False,0,25
recent,demonstration_dracorex_base_6,600,34.384490966796875,0.49394989013671875,False,False,0,0
recent,demonstration_dracorex_base_6,675,38.67144989967346,0.49954938888549805,False,False,0,75
recent,demonstration_dracorex_base_6,750,42.95020532608032,0.49849963188171387,False,False,0,50
recent,demonstration_dracorex_base_6,825,47.208879470825195,0.49224019050598145,False,False,0,25
recent,demonstration_dracorex_base_6,900,51.48258590698242,0.4858701229095459,True,False,0,0
