group,run,event,index,end_index,time_s,duration_s,x_m,y_m,z_m,target_x_m,target_y_m,target_z_m,time_to_width_under_60mm_s,settled_width_m,min_width_m,width_proxy,gripper_cmd_at_close,closed_samples
demos,demonstration_both_in_bin_interleaved_0_blue,0,92,234,5.557659387588501,7.10486626625061,0.45461649599345405,0.0606713225882209,0.04863345884935711,0.45660415,0.05986529,0.044608578,0.9506440162658691,0.04881003499031067,0.04876275360584259,object_width,1.0,142
demos,demonstration_both_in_bin_interleaved_0_blue,1,385,499,20.218300819396973,5.704542875289917,0.4522616643335851,-0.11288991225057912,0.048890858701396346,0.45628047,-0.11204474,0.044663783,0.5005805492401123,0.04858611151576042,0.04849220812320709,object_width,1.0,114
demos,demonstration_both_in_bin_interleaved_0_pink,0,137,252,7.810812711715698,5.7564826011657715,0.45834179856506174,-0.10647827237067897,0.042508148552922745,0.46383864,-0.11038243,0.038465466,0.550424337387085,0.04909568279981613,0.04886322468519211,object_width,1.0,115
demos,demonstration_both_in_bin_interleaved_0_pink,1,404,535,21.1777126789093,6.55521297454834,0.4553347075803147,0.04512663862948804,0.05536261756531527,0.4559131,0.04202999,0.050150216,0.8002450466156006,0.0488789826631546,0.048766035586595535,object_width,1.0,131
demos,demonstration_both_in_bin_interleaved_10_blue,0,95,215,5.707864761352539,6.005058288574219,0.45061851319372886,0.06728862489069315,0.05609820404700003,0.45243075,0.06427964,0.05170101,0.6506798267364502,0.04887570068240166,0.048766035586595535,object_width,1.0,120
demos,demonstration_both_in_bin_interleaved_10_blue,1,370,458,19.468398571014404,4.403646945953369,0.45289992703734255,-0.11275486094903829,0.047798381246459076,0.44996348,-0.113734595,0.04390331,0.7005178928375244,0.049152813851833344,0.04912129417061806,object_width,1.0,88
demos,demonstration_both_in_bin_interleaved_10_pink,0,110,211,6.458622694015503,5.054340124130249,0.45712981233365463,-0.11057002845769935,0.04989372317487251,0.45909902,-0.1121703,0.045342293,0.5514633655548096,0.04909437149763107,0.04881594330072403,object_width,1.0,101
demos,demonstration_both_in_bin_interleaved_10_pink,1,353,465,18.618595123291016,5.6044299602508545,0.46205468351219486,0.05894137723183008,0.0514973384302623,0.46416214,0.05778631,0.046981726,0.8003785610198975,0.0490950271487236,0.04885796830058098,object_width,1.0,112
demos,demonstration_both_in_bin_interleaved_11_blue,0,101,220,6.012084245681763,5.9546284675598145,0.4601869009326048,0.061203417965061915,0.05495825037389885,0.4614767,0.06563361,0.0532688,0.800947904586792,0.048871103674173355,0.04876406490802765,object_width,1.0,119
demos,demonstration_both_in_bin_interleaved_11_blue,1,347,477,18.32206106185913,6.505975008010864,0.44991377034354413,-0.11314075020677371,0.0558428095682361,0.44718128,-0.11492221,0.052065376,0.8004140853881836,0.048806093633174896,0.04864586517214775,object_width,1.0,130
demos,demonstration_both_in_bin_interleaved_11_pink,0,109,207,6.414219617843628,4.90426778793335,0.4592500835816649,-0.11411432669996074,0.05475159823194937,0.46163526,-0.11294532,0.04800504,0.5504300594329834,0.04909699782729149,0.048888176679611206,object_width,1.0,98
demos,demonstration_both_in_bin_interleaved_11_pink,1,312,407,16.572349309921265,4.753904819488525,0.4598481690217024,0.05634058857762813,0.04599372296097974,0.45833877,0.06038941,0.038950436,0.7507741451263428,0.04913574084639549,0.049087148159742355,object_width,1.0,95
demos,demonstration_both_in_bin_interleaved_12_blue,0,81,200,5.006572246551514,5.958772897720337,0.4502423788904264,0.06668300604523994,0.05297991857174576,0.45052195,0.06738495,0.050275143,0.7507684230804443,0.04892035201191902,0.048813316971063614,object_width,1.0,119
demos,demonstration_both_in_bin_interleaved_12_blue,1,312,388,16.56956720352173,3.802699565887451,0.45631595541626185,-0.10945672442244356,0.044666345898408386,0.45972443,-0.11045294,0.042717274,0.8005712032318115,0.04911275580525398,0.04891509935259819,object_width,1.0,76
demos,demonstration_both_in_bin_interleaved_12_pink,0,120,215,6.960038661956787,4.753622055053711,0.45361705820141496,-0.11088137544225646,0.04854297417046942,0.45384985,-0.11539844,0.045505114,0.800806999206543,0.049110785126686096,0.04904249310493469,object_width,1.0,95
demos,demonstration_both_in_bin_interleaved_12_pink,1,341,454,18.02031946182251,5.6539928913116455,0.4600203259113734,0.05883672964034441,0.04953657961236697,0.45307773,0.058344543,0.043920763,0.5505151748657227,0.04882644861936569,0.04873976856470108,object_width,1.0,113
demos,demonstration_both_in_bin_interleaved_13_blue,0,100,201,5.957292556762695,5.060335636138916,0.46060524428844773,0.05948156846943965,0.05186570463458668,0.46256956,0.06277656,0.047788125,0.7072324752807617,0.04918433353304863,0.04910290613770485,object_width,1.0,101
demos,demonstration_both_in_bin_interleaved_13_blue,1,304,390,16.17142391204834,4.302879333496094,0.46058868922696294,-0.1124789940082716,0.05723922199860286,0.4534304,-0.116664715,0.050239604,0.9004311561584473,0.048555903136730194,0.048471849411726,object_width,1.0,86
demos,demonstration_both_in_bin_interleaved_13_pink,0,131,222,7.5102832317352295,4.553392648696899,0.4538115220196099,-0.11992127700974975,0.04739800825055196,0.458424,-0.11914309,0.04353258,0.8506577014923096,0.04909633845090866,0.04889014735817909,object_width,1.0,91
demos,demonstration_both_in_bin_interleaved_13_pink,1,350,492,18.468051195144653,7.1054604053497314,0.4632346201704244,0.05609999900065278,0.061197349817883086,0.45876133,0.056553245,0.05867053,0.5504560470581055,0.04979437589645386,0.049754321575164795,object_width,1.0,142
demos,demonstration_both_in_bin_interleaved_14_blue,0,86,233,5.257988691329956,7.3567214012146,0.45728543802989957,0.06418317365911753,0.050059977119244425,0.45604488,0.06765046,0.045480702,0.8006346225738525,0.04887504503130913,0.04876800626516342,object_width,1.0,147
demos,demonstration_both_in_bin_interleaved_14_blue,1,379,480,19.921157360076904,5.05482816696167,0.4609373461270036,-0.09578794169736311,0.037413728276415884,0.46293566,-0.096141726,0.03332712,0.8003745079040527,0.04876669496297836,0.04856247082352638,object_width,1.0,101
demos,demonstration_both_in_bin_interleaved_14_pink,0,145,280,8.210274934768677,6.754932880401611,0.462997955525241,-0.10138177708549091,0.047048052688370014,0.4578316,-0.1003858,0.042827517,0.7503209114074707,0.048766035586595535,0.04855787381529808,object_width,1.0,135
demos,demonstration_both_in_bin_interleaved_14_pink,1,427,559,22.321115732192993,6.6046528816223145,0.45528227716011344,0.05982474075006106,0.045471016945094395,0.4519242,0.06040031,0.04233901,0.9007623195648193,0.0489164125174284,0.04880477860569954,object_width,1.0,132
demos,demonstration_both_in_bin_interleaved_15_blue,0,101,228,6.007869720458984,6.355273246765137,0.45909328739494104,0.05914572687069327,0.05218259984422334,0.45793432,0.05976009,0.04815196,0.5004212856292725,0.04915018752217293,0.049087803810834885,object_width,1.0,127
demos,demonstration_both_in_bin_interleaved_15_blue,1,345,420,18.21777033805847,3.753187417984009,0.45623114354886946,-0.10727941665411861,0.047669747444277696,0.45122692,-0.108634315,0.043604832,0.750770092010498,0.048578888177871704,0.048548679798841476,object_width,1.0,75
demos,demonstration_both_in_bin_interleaved_15_pink,0,105,224,6.208313226699829,5.958549499511719,0.4543234189865584,-0.10077116677894891,0.04299603359862927,0.45786393,-0.1006199,0.037304375,0.8006577491760254,0.04876669496297836,0.048507966101169586,object_width,1.0,119
demos,demonstration_both_in_bin_interleaved_15_pink,1,346,447,18.267307996749878,5.054727554321289,0.468427455905263,0.0750897532473991,0.05021185712023916,0.4647047,0.076150276,0.04557963,0.8510086536407471,0.0490950271487236,0.0488106906414032,object_width,1.0,101
demos,demonstration_both_in_bin_interleaved_16_blue,0,79,192,4.907728910446167,5.6539342403411865,0.46620811138736246,0.07676467046395322,0.052253858955527206,0.4696386,0.07662174,0.048698995,0.8004662990570068,0.04920206218957901,0.04910750314593315,object_width,1.0,113
demos,demonstration_both_in_bin_interleaved_16_blue,1,296,381,15.766396284103394,4.25426459312439,0.45408340198465974,-0.10236627415854509,0.04747053546784815,0.45388836,-0.10075554,0.042124238,0.5504305362701416,0.048765379935503006,0.04853423312306404,object_width,1.0,85
demos,demonstration_both_in_bin_interleaved_16_pink,0,100,194,5.957716941833496,4.703143358230591,0.44902182048743294,-0.11941983447643532,0.05623731206941437,0.45144826,-0.116972685,0.05257726,0.7003238201141357,0.04910225048661232,0.04889605566859245,object_width,1.0,94
demos,demonstration_both_in_bin_interleaved_16_pink,1,327,449,17.31681776046753,6.104900360107422,0.4596532359386057,0.06371441641465703,0.05200562626635625,0.4537231,0.061527796,0.04706743,0.9007594585418701,0.04920075088739395,0.04910225048661232,object_width,1.0,122
demos,demonstration_both_in_bin_interleaved_17_blue,0,103,206,6.107961893081665,5.1537885665893555,0.45014934055379885,0.06148067011794062,0.05144661788980676,0.4515426,0.060398318,0.047847886,0.5000777244567871,0.04882185161113739,0.048748962581157684,object_width,1.0,103
demos,demonstration_both_in_bin_interleaved_17_blue,1,319,415,16.91591787338257,4.8088250160217285,0.46308440330318645,-0.0948437184634012,0.04276165985718778,0.46065077,-0.094781235,0.03925301,0.7006838321685791,0.04909830912947655,0.04891904070973396,object_width,1.0,96
demos,demonstration_both_in_bin_interleaved_17_pink,0,94,197,5.661135911941528,5.150630712509155,0.45900434694571896,-0.12284984830183407,0.054368739560227544,0.46159458,-0.124589585,0.050237477,0.5972599983215332,0.04899061843752861,0.048987988382577896,object_width,1.0,103
demos,demonstration_both_in_bin_interleaved_17_pink,1,318,428,16.866501808166504,5.503164291381836,0.46654762452562876,0.05287935666042522,0.055249943347140076,0.46107432,0.052564908,0.05150464,0.45016002655029297,0.04920140653848648,0.049127861857414246,object_width,1.0,110
demos,demonstration_both_in_bin_interleaved_18_blue,0,104,249,6.158507347106934,7.255172252655029,0.4581962558000506,0.06484485928524271,0.05014276427103888,0.4595022,0.063581154,0.046218548,0.6004037857055664,0.049216508865356445,0.04911932349205017,object_width,1.0,145
demos,demonstration_both_in_bin_interleaved_18_blue,1,357,472,18.818053245544434,5.754699230194092,0.46035805907363037,-0.11490477055568986,0.05108933954399294,0.460259,-0.11325357,0.045461535,0.7506580352783203,0.04909699782729149,0.048883579671382904,object_width,1.0,115
demos,demonstration_both_in_bin_interleaved_18_pink,0,122,242,7.058629274368286,6.0041420459747314,0.4494307002375339,-0.12368431763163454,0.05217367130442075,0.45179385,-0.12273574,0.047175042,0.8004131317138672,0.04911012947559357,0.048696428537368774,object_width,1.0,120
demos,demonstration_both_in_bin_interleaved_18_pink,1,357,474,18.81778383255005,5.855544328689575,0.46265462626578663,0.04966879674543699,0.054486254966319154,0.4602664,0.045034237,0.049553387,0.6505947113037109,0.04888489469885826,0.04877063259482384,object_width,1.0,117
demos,demonstration_both_in_bin_interleaved_19_blue,0,88,188,5.356834650039673,5.003810167312622,0.4593206528599709,0.07395977930510188,0.04903134919269076,0.46122223,0.07519746,0.045198243,0.9005141258239746,0.048806749284267426,0.04874436557292938,object_width,1.0,100
demos,demonstration_both_in_bin_interleaved_19_blue,1,293,376,15.61592698097229,4.153381824493408,0.4516199980230885,-0.10646434493982149,0.04580839006021532,0.44819066,-0.10450629,0.039675698,0.9008197784423828,0.0490950271487236,0.04885796830058098,object_width,1.0,83
demos,demonstration_both_in_bin_interleaved_19_pink,0,108,205,6.359740495681763,4.853060722351074,0.4534328290865433,-0.11041736068484793,0.04832244926350336,0.45635113,-0.114201,0.04370415,0.8500919342041016,0.04909437149763107,0.04885008931159973,object_width,1.0,97
demos,demonstration_both_in_bin_interleaved_19_pink,1,314,411,16.66765856742859,4.854147911071777,0.4644390997522586,0.06245212470611574,0.05192358693541266,0.46027413,0.06155331,0.046257537,0.8006491661071777,0.049093712121248245,0.04883826896548271,object_width,1.0,97
demos,demonstration_both_in_bin_interleaved_1_blue,0,107,229,6.307726144790649,6.1069347858428955,0.46394370487540854,0.06081236392544862,0.0535662932581684,0.46799976,0.062470954,0.04786544,0.6502418518066406,0.04886256530880928,0.04876406490802765,object_width,1.0,122
demos,demonstration_both_in_bin_interleaved_1_blue,1,374,466,19.67081069946289,4.60368800163269,0.4555804262275858,-0.11683066075922151,0.050637586429603254,0.45307148,-0.11858559,0.043388307,0.6003484725952148,0.04909535497426987,0.048812661319971085,object_width,1.0,92
demos,demonstration_both_in_bin_interleaved_1_pink,0,126,247,7.259108066558838,6.054098129272461,0.4507929224919384,-0.11333866368719854,0.04594160252982238,0.4538991,-0.11289689,0.039034408,0.6503458023071289,0.049099624156951904,0.048894744366407394,object_width,1.0,121
demos,demonstration_both_in_bin_interleaved_1_pink,1,380,525,19.969820261001587,7.255184650421143,0.4550568975725107,0.055420849908193154,0.05276340092428942,0.4538366,0.053910952,0.04815284,0.9006648063659668,0.04942401498556137,0.04941350966691971,object_width,1.0,145
demos,demonstration_both_in_bin_interleaved_20_blue,0,99,214,5.907817602157593,5.7543299198150635,0.45219329845080786,0.06237285939562227,0.04840182219496256,0.45183542,0.064691074,0.04414999,0.6004524230957031,0.04889145866036415,0.048789676278829575,object_width,1.0,115
demos,demonstration_both_in_bin_interleaved_20_blue,1,322,402,17.07059645652771,4.002773761749268,0.45825172732284053,-0.11561195340598979,0.049500114149828606,0.45854446,-0.11399344,0.045211066,0.6504108905792236,0.049099624156951904,0.048748962581157684,object_width,1.0,80
demos,demonstration_both_in_bin_interleaved_20_pink,0,110,208,6.4581475257873535,4.903659343719482,0.46315878685128603,-0.10850657375622773,0.041296312322214805,0.4624761,-0.10651744,0.038320217,0.9007713794708252,0.04909765347838402,0.048923637717962265,object_width,1.0,98
demos,demonstration_both_in_bin_interleaved_20_pink,1,354,471,18.668437242507935,5.8548948764801025,0.4599216347485002,0.057550678721101194,0.048569112157128586,0.45979354,0.061113104,0.046389017,0.5503518581390381,0.04892691969871521,0.048813316971063614,object_width,1.0,117
demos,demonstration_both_in_bin_interleaved_21_blue,0,92,221,5.557186603546143,6.455730199813843,0.4492435450523647,0.04800118885581312,0.05762323227965536,0.4477963,0.047705676,0.053140007,0.8506877422332764,0.04951988905668259,0.0494200773537159,object_width,1.0,129
demos,demonstration_both_in_bin_interleaved_21_blue,1,350,449,18.467860221862793,4.954866409301758,0.4544783747073381,-0.09922397247517988,0.0397489722974515,0.45520172,-0.09665023,0.03681063,0.6504285335540771,0.04973002150654793,0.049591466784477234,object_width,1.0,99
demos,demonstration_both_in_bin_interleaved_21_pink,0,121,233,7.008104085922241,5.604538440704346,0.465959089415485,-0.09982633385219028,0.04456453339758226,0.46758237,-0.09974635,0.04038206,0.6504487991333008,0.04877063259482384,0.04859530180692673,object_width,1.0,112
demos,demonstration_both_in_bin_interleaved_21_pink,1,382,484,20.0697500705719,5.1035706996917725,0.45926156044419897,0.06287971528496612,0.04200530111167556,0.46174413,0.06884367,0.03817939,0.7004270553588867,0.04886256530880928,0.04876143857836723,object_width,1.0,102
demos,demonstration_both_in_bin_interleaved_22_blue,0,105,217,6.2100725173950195,5.60430383682251,0.4603332667197475,0.07256155322176466,0.041537186329013,0.46115872,0.07391912,0.038483065,0.700756311416626,0.04914230667054653,0.049081891775131226,object_width,1.0,112
demos,demonstration_both_in_bin_interleaved_22_blue,1,330,434,17.46844792366028,5.206276893615723,0.4574151392554155,-0.10331079270864282,0.04346619069953297,0.4560159,-0.10542505,0.038125694,0.8009138107299805,0.04909699782729149,0.04888029769062996,object_width,1.0,104
demos,demonstration_both_in_bin_interleaved_22_pink,0,141,254,8.012968063354492,5.653836727142334,0.46206982792793083,-0.11153875235074219,0.04624235190550444,0.46354312,-0.11278209,0.042669408,0.5503246784210205,0.04910356178879738,0.048901308327913284,object_width,1.0,113
demos,demonstration_both_in_bin_interleaved_22_pink,1,388,498,20.371483325958252,5.5040833950042725,0.46164493441533117,0.06437910453013052,0.04663299970638145,0.46020627,0.06472126,0.04107773,0.5504801273345947,0.048804452642798424,0.048687893897295,object_width,1.0,110
demos,demonstration_both_in_bin_interleaved_23_blue,0,96,202,5.757134914398193,5.303828477859497,0.45560558048653,0.06845793697698128,0.051858780535444376,0.45579436,0.06850705,0.04970454,0.8003523349761963,0.04886847734451294,0.048830389976501465,object_width,1.0,106
demos,demonstration_both_in_bin_interleaved_23_blue,1,314,431,16.66464900970459,5.854267358779907,0.4592652350842324,-0.09579294557185992,0.04145283789745814,0.4567929,-0.09131535,0.03562897,1.001032829284668,0.04911341518163681,0.048993244767189026,object_width,1.0,117
demos,demonstration_both_in_bin_interleaved_23_pink,0,100,202,5.95736026763916,5.103857517242432,0.45503439022510456,-0.11429423412497275,0.05095220849698419,0.45895642,-0.11785397,0.047304403,0.8006327152252197,0.04909830912947655,0.04891707003116608,object_width,1.0,102
demos,demonstration_both_in_bin_interleaved_23_pink,1,342,448,18.06604766845703,5.309323310852051,0.4612945442283004,0.055506768103425086,0.04905643710258312,0.46098176,0.057162892,0.04178994,0.5006022453308105,0.04891904070973396,0.04879755526781082,object_width,1.0,106
demos,demonstration_both_in_bin_interleaved_24_blue,0,98,227,5.857033729553223,6.4547178745269775,0.45572239780511026,0.062259924813766014,0.051682692919856034,0.45741662,0.0649723,0.048903458,0.6502418518066406,0.048911161720752716,0.0487857349216938,object_width,1.0,129
demos,demonstration_both_in_bin_interleaved_24_blue,1,357,438,18.816569089889526,4.052580833435059,0.45774867230145155,-0.10354701957155975,0.04586960959650181,0.46076366,-0.09899618,0.040690906,0.9005711078643799,0.048765379935503006,0.04854211211204529,object_width,1.0,81
demos,demonstration_both_in_bin_interleaved_24_pink,0,135,230,7.708535432815552,4.753208160400391,0.4557715654923527,-0.11126812048382856,0.0464117646171614,0.45779574,-0.10991361,0.04377532,0.750312328338623,0.04910290613770485,0.04891444370150566,object_width,1.0,95
demos,demonstration_both_in_bin_interleaved_24_pink,1,401,495,21.017712354660034,4.703325510025024,0.4677462647470531,0.05773652919940375,0.0475144441161074,0.469158,0.060081314,0.044823166,1.0007445812225342,0.048839911818504333,0.04879821464419365,object_width,1.0,94
demos,demonstration_both_in_bin_interleaved_2_blue,0,132,264,7.55859899520874,6.6052491664886475,0.46162566602655947,0.06806099284698194,0.052694375221976966,0.4649545,0.06939284,0.049685527,0.6503729820251465,0.04915905185043812,0.04909765347838402,object_width,1.0,132
demos,demonstration_both_in_bin_interleaved_2_blue,1,417,513,21.819425106048584,4.80332612991333,0.4554775932329652,-0.10693164778167842,0.04533115944850652,0.45550433,-0.10645683,0.040362805,0.7006752490997314,0.048765379935503006,0.04852963611483574,object_width,1.0,96
demos,demonstration_both_in_bin_interleaved_2_pink,0,170,296,9.460489988327026,6.304977655410767,0.46147687734507414,-0.10664290112469922,0.04798096036644745,0.4628314,-0.10657616,0.044539183,0.8507592678070068,0.04910815879702568,0.049063507467508316,object_width,1.0,126
demos,demonstration_both_in_bin_interleaved_2_pink,1,457,571,23.822211265563965,5.704007387161255,0.4615077338774845,0.06200764000214722,0.04654252652469545,0.4623613,0.06258458,0.043136884,0.5002899169921875,0.04919188469648361,0.04910750314593315,object_width,1.0,114
demos,demonstration_both_in_bin_interleaved_3_blue,0,96,225,5.7571728229522705,6.455173969268799,0.45615366314970507,0.059321268655053314,0.05115555407626347,0.45797718,0.060690142,0.045691576,0.9005696773529053,0.04881134629249573,0.04876275360584259,object_width,1.0,129
demos,demonstration_both_in_bin_interleaved_3_blue,1,366,450,19.268558502197266,4.204617261886597,0.4581325607633114,-0.10584598647477383,0.05056677454338359,0.453801,-0.10282689,0.042092428,0.5505630970001221,0.04911866784095764,0.049098968505859375,object_width,1.0,84
demos,demonstration_both_in_bin_interleaved_3_pink,0,116,220,6.757890939712524,5.2032201290130615,0.44877450787776585,-0.11234914432385337,0.050860653791265954,0.44971392,-0.11140849,0.045007613,0.6003754138946533,0.04910159483551979,0.04889868199825287,object_width,1.0,104
demos,demonstration_both_in_bin_interleaved_3_pink,1,328,433,17.365556478500366,5.254081964492798,0.4554764308360955,0.05946102557005546,0.053245476517435456,0.4520654,0.06149124,0.047919683,0.7506392002105713,0.048802152276039124,0.04876143857836723,object_width,1.0,105
demos,demonstration_both_in_bin_interleaved_4_blue,0,106,241,6.2574076652526855,6.755053997039795,0.46282710890111345,0.05538831836797784,0.052360294397928095,0.46465528,0.05571184,0.049487934,0.7506058216094971,0.049140993505716324,0.04909240081906319,object_width,1.0,135
demos,demonstration_both_in_bin_interleaved_4_blue,1,386,490,20.26835060119629,5.203632354736328,0.4542637813606352,-0.11557825618671519,0.05297527406891985,0.45044053,-0.11905047,0.04619411,0.5002052783966064,0.04876669496297836,0.04853685945272446,object_width,1.0,104
demos,demonstration_both_in_bin_interleaved_4_pink,0,140,258,7.95881462097168,5.904179334640503,0.4636785577448949,-0.09513108454942205,0.04413312391745401,0.46444553,-0.0950258,0.04036451,0.800530195236206,0.048766035586595535,0.04834182932972908,object_width,1.0,118
demos,demonstration_both_in_bin_interleaved_4_pink,1,404,530,21.170459985733032,6.304387092590332,0.4619684104591035,0.06742107856164174,0.0496711630937675,0.46190044,0.0695956,0.04701066,0.499997615814209,0.049170542508363724,0.049100279808044434,object_width,1.0,126
demos,demonstration_both_in_bin_interleaved_5_blue,0,106,227,6.2573206424713135,6.054911136627197,0.4599638464946891,0.061301054746446954,0.05325657917824791,0.461722,0.06422266,0.051661044,0.7005822658538818,0.04923489689826965,0.04912523180246353,object_width,1.0,121
demos,demonstration_both_in_bin_interleaved_5_blue,1,383,468,20.120698928833008,4.253225326538086,0.4568617947286657,-0.11741617469000463,0.050298564896819525,0.45866877,-0.11588866,0.04565661,0.6004436016082764,0.04910356178879738,0.04890787601470947,object_width,1.0,85
demos,demonstration_both_in_bin_interleaved_5_pink,0,153,254,8.611361503601074,5.053534269332886,0.4516152330418289,-0.11586108422007144,0.043118598557631935,0.45436156,-0.11546542,0.038436793,0.5003855228424072,0.0490950271487236,0.04887832701206207,object_width,1.0,101
demos,demonstration_both_in_bin_interleaved_5_pink,1,394,523,20.67013144493103,6.455209255218506,0.4608686345488363,0.06066846327034224,0.0506358000628295,0.46385142,0.062123645,0.04718842,0.650216817855835,0.04921519756317139,0.0491495281457901,object_width,1.0,129
demos,demonstration_both_in_bin_interleaved_6_blue,0,82,207,5.05678653717041,6.2545177936553955,0.4497991213398397,0.057828527187081785,0.056915977208385156,0.45309812,0.05664338,0.05354763,0.6004033088684082,0.04887373000383377,0.04876406490802765,object_width,1.0,125
demos,demonstration_both_in_bin_interleaved_6_blue,1,379,495,19.919950246810913,5.8038904666900635,0.4512833187026367,-0.11629104759192457,0.05172800543720894,0.45359606,-0.116938464,0.047368422,0.8506994247436523,0.04909765347838402,0.04888620600104332,object_width,1.0,116
demos,demonstration_both_in_bin_interleaved_6_pink,0,115,217,6.709500074386597,5.103605270385742,0.45232648511333,-0.11664500391353602,0.049064795211109395,0.4531755,-0.122469395,0.043337524,0.7505993843078613,0.04858611151576042,0.048471849411726,object_width,1.0,102
demos,demonstration_both_in_bin_interleaved_6_pink,1,372,487,19.57412624359131,5.757185459136963,0.4593542191235786,0.058110121952622946,0.04574220161295877,0.46433732,0.06050023,0.042349763,0.603247880935669,0.04912720248103142,0.04910947382450104,object_width,1.0,115
demos,demonstration_both_in_bin_interleaved_7_blue,0,102,235,6.060354948043823,6.654606580734253,0.4617699877616542,0.06215301276605788,0.05080118960346377,0.46176663,0.06239509,0.04621785,1.0007374286651611,0.048789676278829575,0.04863995686173439,object_width,1.0,133
demos,demonstration_both_in_bin_interleaved_7_blue,1,356,439,18.77447533607483,4.1532580852508545,0.46263847869483754,-0.11126182890182366,0.053404450114879924,0.4594132,-0.11076763,0.046202343,0.60526442527771,0.048765379935503006,0.04856903851032257,object_width,1.0,83
demos,demonstration_both_in_bin_interleaved_7_pink,0,105,221,6.208129644393921,5.804790019989014,0.44582916330081407,-0.1160206603615406,0.04982379857941444,0.44943342,-0.11937168,0.044794057,0.6504771709442139,0.04876932129263878,0.048567723482847214,object_width,1.0,116
demos,demonstration_both_in_bin_interleaved_7_pink,1,334,440,17.667567491531372,5.3045830726623535,0.4630446850170225,0.06690740027968226,0.049513829225379946,0.4609124,0.0687724,0.044744126,0.7507693767547607,0.04883695766329765,0.048747651278972626,object_width,1.0,106
demos,demonstration_both_in_bin_interleaved_8_blue,0,99,225,5.908073425292969,6.304767608642578,0.4504974884231605,0.05085578928339065,0.050754726332773135,0.4500536,0.049702086,0.04557591,0.6004157066345215,0.04909437149763107,0.04885271564126015,object_width,1.0,126
demos,demonstration_both_in_bin_interleaved_8_blue,1,356,455,18.768705129623413,4.9540855884552,0.4591674608443566,-0.10489007863480287,0.04924979315022263,0.46276248,-0.103345685,0.04232049,0.8004071712493896,0.04909765347838402,0.04887767136096954,object_width,1.0,99
demos,demonstration_both_in_bin_interleaved_8_pink,0,124,219,7.159241676330566,4.753882884979248,0.4451930255116368,-0.12080544793229635,0.04593320614805772,0.45041123,-0.1228287,0.042781897,0.5506346225738525,0.0490950271487236,0.04886913299560547,object_width,1.0,95
demos,demonstration_both_in_bin_interleaved_8_pink,1,347,451,18.322695016860962,5.204413175582886,0.46036604244263335,0.06187969716813385,0.04974403406831195,0.45624352,0.060165036,0.044289194,0.6503589153289795,0.04892626404762268,0.04884352162480354,object_width,1.0,104
demos,demonstration_both_in_bin_interleaved_9_blue,0,89,205,5.4083497524261475,5.804257154464722,0.4548497137439874,0.062414290333056434,0.0518125326071752,0.4594039,0.060506854,0.04772244,0.6504356861114502,0.049134425818920135,0.04908320680260658,object_width,1.0,116
demos,demonstration_both_in_bin_interleaved_9_blue,1,334,452,17.673704624176025,5.90438985824585,0.4597531022468066,-0.11467422636381013,0.05161410009887557,0.4579442,-0.116683125,0.04520708,0.8009016513824463,0.049100279808044434,0.04903264343738556,object_width,1.0,118
demos,demonstration_both_in_bin_interleaved_9_pink,0,114,205,6.662672758102417,4.55102276802063,0.4532543119885335,-0.11069812639703194,0.049560966364214594,0.45622414,-0.10832483,0.04667539,0.5973825454711914,0.04876669496297836,0.04852898046374321,object_width,1.0,91
demos,demonstration_both_in_bin_interleaved_9_pink,1,322,439,17.079565048217773,5.854559659957886,0.46095532756658475,0.06995721548035619,0.046968061488348596,0.45789197,0.06981964,0.04278761,0.7507359981536865,0.048825137317180634,0.04875487461686134,object_width,1.0,117
original,demonstration_base_prompt_no_intervention_0,0,117,237,7.2660980224609375,6.313597202301025,0.4579999074581358,0.061427134821998394,0.05094961343383811,0.46313488483428955,0.059177905321121216,0.05013915151357651,0.889850378036499,0.04914230480790138,0.04909568279981613,object_width,1.003269910812378,120
original,demonstration_base_prompt_no_intervention_0,1,368,481,20.46183967590332,6.019486665725708,0.46348661863005386,-0.09522579204149813,0.06485164875911492,0.4535134732723236,-0.09777791053056717,0.04367876797914505,0.8773853778839111,0.00028236667276360095,0.0002797399938572198,fully_closed,1.012749195098877,113
original,demonstration_base_prompt_no_intervention_0,2,606,693,33.42990446090698,4.41229510307312,0.46016440167333,-0.09774660890575881,0.05269613100464253,0.45631369948387146,-0.09339968115091324,0.04616544395685196,0.5434491634368896,0.049129173159599304,0.049028702080249786,object_width,1.004061222076416,87
original,demonstration_base_prompt_no_intervention_1,0,116,235,7.152526140213013,6.319115161895752,0.45835562511145617,0.06704803724572089,0.04783770075090964,0.46298977732658386,0.06829164922237396,0.04283007234334946,0.5925188064575195,0.04918498918414116,0.049111444503068924,object_width,1.0140790939331055,119
original,demonstration_base_prompt_no_intervention_1,1,377,463,21.17765474319458,4.708535194396973,0.46372296700718,-0.11269421698849777,0.05024578128622768,0.4614182412624359,-0.11284099519252777,0.04590284824371338,0.5475852489471436,0.048869788646698,0.04883695766329765,object_width,1.0010299682617188,86
original,demonstration_base_prompt_no_intervention_2,0,114,227,7.035739421844482,5.988869905471802,0.4581199126173842,0.06455589614452044,0.050079164383746586,0.46333640813827515,0.0656965970993042,0.04854357987642288,0.8048272132873535,0.04916200786828995,0.049088459461927414,object_width,1.0122342109680176,113
original,demonstration_base_prompt_no_intervention_2,1,355,457,20.079549551010132,5.446624994277954,0.4537905460369,-0.10211134643745869,0.059776615136950186,0.4471319317817688,-0.10573779046535492,0.05209234356880188,0.9472212791442871,0.0491153821349144,0.04910619184374809,object_width,0.9800505638122559,102
original,demonstration_base_prompt_no_intervention_3,0,120,241,7.472147464752197,6.513106346130371,0.4579448843294422,0.058570663796722586,0.046570539859120345,0.4624621570110321,0.061473578214645386,0.047123342752456665,0.6578357219696045,0.049157410860061646,0.049093056470155716,object_width,1.0036005973815918,121
original,demonstration_base_prompt_no_intervention_3,1,364,458,20.633012771606445,5.098997354507446,0.4616073522691503,-0.09554448385531147,0.04801233580492139,0.46005213260650635,-0.09562394767999649,0.045648057013750076,0.5668642520904541,0.04878770560026169,0.04858611151576042,object_width,1.0041208267211914,94
original,demonstration_base_prompt_no_intervention_4,0,107,231,6.76269793510437,6.576441287994385,0.45898307359773916,0.0647154360998856,0.05801357708544106,0.460248202085495,0.06646274030208588,0.04904702305793762,0.5055985450744629,0.04915478453040123,0.049098968505859375,object_width,1.0034558773040771,124
original,demonstration_base_prompt_no_intervention_4,1,356,400,20.050902605056763,2.5121498107910156,0.45890981064899244,-0.0973011541408992,0.06489598377803259,0.4531646966934204,-0.1009054034948349,0.04953319579362869,0.7212839126586914,0.006499358336441219,0.00029812665889039636,fully_closed,0.8358198404312134,44
original,demonstration_base_prompt_no_intervention_4,2,476,500,26.396491527557373,1.5482752323150635,0.5320847068970262,-0.05623238080675301,0.09188875583681823,0.5097408294677734,-0.05705645680427551,0.08455844223499298,0.9549624919891357,0.06691236048936844,0.03436993435025215,other_width,0.993621826171875,24
original,demonstration_base_prompt_no_intervention_4,3,581,620,32.05065417289734,2.2458536624908447,0.4816919724767095,-0.07462986822270531,0.06327471601292489,0.4795462489128113,-0.06269384175539017,0.05838648974895477,1.2558789253234863,0.00525661651045084,0.0002974699891638011,fully_closed,1.0027050971984863,39
original,demonstration_base_prompt_no_intervention_4,4,681,700,37.41097545623779,1.2751834392547607,0.5575976843749767,-0.0697427286478697,0.10399977519727732,0.5578821301460266,-0.06421425193548203,0.1036994457244873,0.7997021675109863,0.07113735377788544,0.057424843311309814,other_width,0.986591100692749,19
original,demonstration_base_prompt_no_intervention_5,0,123,244,7.483747959136963,6.381622552871704,0.45791981913100854,0.05527567154172406,0.053574217960408475,0.4590946435928345,0.05523066222667694,0.050801120698451996,0.6623344421386719,0.049152813851833344,0.049085833132267,object_width,0.9856774806976318,121
original,demonstration_base_prompt_no_intervention_5,1,386,482,21.491416931152344,5.324696063995361,0.4632334791422537,-0.10878031552149937,0.04998993372869858,0.4603041708469391,-0.1085575670003891,0.04035313427448273,0.7717840671539307,0.049421388655900955,0.049416135996580124,object_width,1.0167288780212402,96
original,demonstration_base_prompt_no_intervention_6,0,116,251,7.2036614418029785,7.1539390087127686,0.45973462134384757,0.06392596886867034,0.054545337215594916,0.46410244703292847,0.06606492400169373,0.050968676805496216,0.7013955116271973,0.04915642365813255,0.04909699782729149,object_width,1.0189929008483887,135
original,demonstration_base_prompt_no_intervention_6,1,377,460,21.127924919128418,4.529852390289307,0.4573777737949679,-0.10858588915354993,0.050718809809814094,0.45486360788345337,-0.11180593073368073,0.0460200309753418,0.7713813781738281,0.049204688519239426,0.04919549822807312,object_width,1.0045599937438965,83
original,demonstration_base_prompt_no_intervention_7,0,112,222,6.967583656311035,5.905731916427612,0.45458888267743996,0.06743383551537638,0.04640128276735866,0.4569195508956909,0.0700526237487793,0.04821687191724777,0.6974272727966309,0.048876356333494186,0.04875881224870682,object_width,0.9896795749664307,110
original,demonstration_base_prompt_no_intervention_7,1,344,462,19.450461864471436,6.315512657165527,0.4622168532375849,-0.059333060350700684,0.0673262788181917,0.45836329460144043,-0.06364993005990982,0.04631141573190689,0.9628114700317383,0.00028696333174593747,0.0002803966635838151,fully_closed,1.0194203853607178,118
original,demonstration_base_prompt_no_intervention_7,2,464,465,25.875967741012573,0.04421234130859375,0.5818982193337876,-0.03976321405060454,0.14144716336586952,0.5858256220817566,-0.03447188436985016,0.13790667057037354,0.0,,0.0002803966635838151,insufficient_hold,0.8111979961395264,1
original,demonstration_base_prompt_no_intervention_7,3,584,685,32.34520387649536,5.390122890472412,0.46268073641015955,-0.10194863358315114,0.06379817790913125,0.45455610752105713,-0.09309141337871552,0.03909383341670036,0.6489355564117432,0.0002856499922927469,0.00027842665440402925,fully_closed,1.0283050537109375,101
original,demonstration_base_prompt_no_intervention_8,0,122,213,7.474899768829346,4.930036783218384,0.45252184153025654,-0.10400305327512843,0.04622670099194246,0.447756826877594,-0.09888831526041031,0.040620580315589905,0.7996480464935303,0.04880412295460701,0.048595961183309555,object_width,0.9993317127227783,91
original,demonstration_base_prompt_no_intervention_8,1,334,462,18.899108409881592,6.934596300125122,0.4570705433145239,0.0671630688055499,0.05034221707840006,0.46110692620277405,0.06645792722702026,0.04583991318941116,0.8998041152954102,0.04911407083272934,0.04885665699839592,object_width,1.0251033306121826,128
original,demonstration_base_prompt_no_intervention_9,0,116,228,7.20279335975647,6.054657936096191,0.4565664204786878,0.06918574902750546,0.0520750270034041,0.4611484110355377,0.07129552960395813,0.05268566310405731,0.5065340995788574,0.04911472648382187,0.048905905336141586,object_width,0.9960331916809082,112
original,demonstration_base_prompt_no_intervention_9,1,353,400,19.904985427856445,2.682894229888916,0.45639832896848054,-0.10045583717800913,0.06496036024929164,0.4539010524749756,-0.10167032480239868,0.040831975638866425,0.6978113651275635,0.0026759167667478323,0.0002895900106523186,fully_closed,0.9815417528152466,47
original,demonstration_base_prompt_no_intervention_9,2,480,596,26.620648622512817,6.313363790512085,0.4717978807949222,-0.06268665980904876,0.06596442325881974,0.4748117923736572,-0.05951988697052002,0.057309746742248535,0.509350061416626,0.0002777700137812644,0.00027317332569509745,fully_closed,0.9648888111114502,116
original,demonstration_base_prompt_no_intervention_9,3,600,602,33.44466710090637,0.09996485710144043,0.5985383968948929,-0.03983066069442485,0.14579064601357059,0.5995311141014099,-0.02052631974220276,0.15068644285202026,0.0,,0.008124279789626598,insufficient_hold,1.0230402946472168,2
original,demonstration_base_prompt_no_intervention_9,4,726,800,40.187641859054565,3.6935408115386963,0.4594796164989929,-0.09904479835014059,0.06187578954495558,0.45844924449920654,-0.09230399876832962,0.04268581420183182,0.6319189071655273,0.00028827667119912803,0.0002797399938572198,fully_closed,0.9978780746459961,74
recent,demonstration_dracorex_base_0,0,115,235,7.19684362411499,6.973356008529663,0.46058541722037005,0.05442998190891141,0.0506989363387305,0.4615369439125061,0.053786829113960266,0.04632603004574776,0.5071418285369873,0.04945290833711624,0.04923095554113388,object_width,0.9826581478118896,120
recent,demonstration_dracorex_base_0,1,373,375,21.587368965148926,0.5363843441009521,0.4680094355862355,0.05971285849777121,0.050145594183883556,0.46642905473709106,0.06114937365055084,0.043526437133550644,,,0.08010545372962952,insufficient_hold,1.0429611206054688,2
recent,demonstration_dracorex_base_0,2,423,526,24.533166646957397,6.057134628295898,0.4652230629195831,0.05168205366524384,0.05393259320077937,0.4662892818450928,0.05328086018562317,0.0480898842215538,0.6656630039215088,0.00018386666488368064,0.0001825533399824053,fully_closed,1.0083367824554443,103
recent,demonstration_dracorex_base_0,3,716,823,41.040595054626465,5.869447469711304,0.4618976979242084,0.05436771317165622,0.04890662407051708,0.4619341194629669,0.053091198205947876,0.04715929180383682,0.8220748901367188,0.0001878066686913371,0.00018714999896474183,fully_closed,1.0163936614990234,107
recent,demonstration_dracorex_base_1,0,118,232,7.559985637664795,6.6591150760650635,0.45937801035826564,0.04816279530381612,0.04727873400856115,0.46557435393333435,0.054856076836586,0.04376240819692612,0.8259923458099365,0.04946998506784439,0.04927626624703407,object_width,0.9962612390518188,114
recent,demonstration_dracorex_base_1,1,368,375,21.55709671974182,0.8117866516113281,0.46666159568183946,0.05924392789903024,0.05378833703220595,0.46422797441482544,0.058078259229660034,0.04997297748923302,,,0.08026371151208878,insufficient_hold,1.012559175491333,7
recent,demonstration_dracorex_base_1,2,425,532,24.88879370689392,6.492507696151733,0.46759868572314545,0.05520001713960144,0.05296093564610125,0.4682392477989197,0.05663017928600311,0.04850512742996216,0.4681675434112549,0.00018058333080261946,0.00017927000590134412,fully_closed,1.0151574611663818,107
recent,demonstration_dracorex_base_1,3,673,675,39.18173837661743,0.5961682796478271,0.4691484854053443,0.05764426773141496,0.05180080199778284,0.46400320529937744,0.054883792996406555,0.048540279269218445,,,0.07987365126609802,insufficient_hold,0.8870340585708618,2
recent,demonstration_dracorex_base_1,4,723,725,42.301987409591675,0.10690140724182129,0.46562097494735327,0.053555650274270714,0.051195079466691835,0.46524909138679504,0.05198599398136139,0.046856336295604706,,,0.07977514714002609,insufficient_hold,1.029439926147461,2
recent,demonstration_dracorex_base_1,5,726,827,42.46043825149536,6.275965213775635,0.46543324569501837,0.05265171282886618,0.047987797809391525,0.4663250744342804,0.05116547644138336,0.043366335332393646,0.44095706939697266,0.00017992666107602417,0.00017927000590134412,fully_closed,1.0085935592651367,101
recent,demonstration_dracorex_base_2,0,124,241,7.775672912597656,7.00898551940918,0.4529082320041652,-0.10746898131244526,0.04694692184205647,0.4561205506324768,-0.10741515457630157,0.04226565733551979,0.7598876953125,0.049134425818920135,0.0491153821349144,object_width,1.0202045440673828,117
recent,demonstration_dracorex_base_2,1,428,530,25.116694927215576,6.00066876411438,0.46193651147289716,-0.03495864096807213,0.055360994743328035,0.46138501167297363,-0.03734032064676285,0.05087568610906601,0.6077501773834229,0.00018452333461027592,0.00018386666488368064,fully_closed,1.0138707160949707,102
recent,demonstration_dracorex_base_2,2,672,675,38.717262983322144,0.6189358234405518,0.4571778526023149,-0.10005463144398348,0.045983479521872185,0.4566425085067749,-0.09613511711359024,0.04253770783543587,,,0.07971079647541046,insufficient_hold,1.0147290229797363,3
recent,demonstration_dracorex_base_2,3,716,819,41.392772912979126,5.637405157089233,0.45927130692145657,-0.025096599265025325,0.050091578941746234,0.45815595984458923,-0.0381312221288681,0.04488776996731758,0.6673526763916016,0.00018583665951155126,0.00018452333461027592,fully_closed,1.0108647346496582,103
recent,demonstration_dracorex_base_2,4,972,975,55.708362340927124,0.10501813888549805,0.4579297310886233,-0.10095644921124064,0.04643704673730808,0.4554831087589264,-0.09865546971559525,0.04283349588513374,,,0.08028209954500198,insufficient_hold,1.0275475978851318,3
recent,demonstration_dracorex_base_3,0,99,210,6.402117729187012,6.057826995849609,0.4551648943407395,0.06160927216068315,0.05729078877474278,0.4604834318161011,0.06157059967517853,0.05238828808069229,0.9899733066558838,0.049445684999227524,0.04920206218957901,object_width,1.0076465606689453,111
recent,demonstration_dracorex_base_3,1,364,500,21.126762866973877,7.796971321105957,0.4656745666512969,0.052690274924007706,0.057635499915700036,0.46207213401794434,0.05361127853393555,0.05447445064783096,0.9993467330932617,0.000190433333045803,0.00018911999359261245,fully_closed,1.022446632385254,136
recent,demonstration_dracorex_base_3,2,659,761,37.79537582397461,6.07591700553894,0.46668307748550225,0.05434437732653959,0.04880721518089776,0.46683794260025024,0.05410951375961304,0.04629635438323021,0.6393165588378906,0.00018386666488368064,0.0001825533399824053,fully_closed,1.0211644172668457,102
recent,demonstration_dracorex_base_3,3,942,975,54.003639698028564,1.6399600505828857,0.4611601500951044,0.05145693581508433,0.054696899976421715,0.4615505337715149,0.0549045205116272,0.052022531628608704,0.5896961688995361,0.002949746558442712,0.00018583665951155126,fully_closed,0.5955702066421509,33
recent,demonstration_dracorex_base_4,0,131,240,8.031523942947388,6.400158405303955,0.4557086439382963,-0.08848220967875538,0.06543200960929922,0.4606851041316986,-0.08718553185462952,0.04022859409451485,0.6473710536956787,0.0001930599974002689,0.00019174667249899358,fully_closed,1.0284404754638672,109
recent,demonstration_dracorex_base_4,1,366,475,21.252785682678223,6.395334720611572,0.46086247450388307,-0.09891192862992519,0.048079480820002504,0.4583872854709625,-0.0957036092877388,0.04453617334365845,0.9287192821502686,0.0492427758872509,0.049170542508363724,object_width,1.0207462310791016,109
recent,demonstration_dracorex_base_4,2,651,754,37.43167424201965,6.059427976608276,0.46232669563503814,-0.07130539578790056,0.03983557952742925,0.4619761109352112,-0.07400878518819809,0.04124186187982559,0.7203290462493896,0.00018124000052921474,0.00017927000590134412,fully_closed,0.9976053237915039,103
recent,demonstration_dracorex_base_4,3,896,900,51.11350226402283,0.644219160079956,0.45655900876259614,-0.09683963145409405,0.04446765820042064,0.45719432830810547,-0.09251954406499863,0.043278709053993225,,,0.0802006721496582,insufficient_hold,0.9963343143463135,4
recent,demonstration_dracorex_base_4,4,944,975,53.96491837501526,1.536698579788208,0.4616545102358087,-0.0637515640976389,0.05151279884339221,0.45880764722824097,-0.06388892233371735,0.046103015542030334,0.7780539989471436,0.03789491951465607,0.001323183299973607,object_width,1.0255303382873535,31
recent,demonstration_dracorex_base_5,0,105,231,6.76444411277771,7.258720874786377,0.45655948736444985,0.05928671999156729,0.05303197778743671,0.461686909198761,0.06128209829330444,0.050491366535425186,0.7976961135864258,0.04955108091235161,0.04944240301847458,object_width,1.0087254047393799,126
recent,demonstration_dracorex_base_5,1,429,537,25.091405630111694,6.336209297180176,0.4651005075242393,0.05443270530981366,0.05302185113974845,0.46187418699264526,0.051986679434776306,0.04904855042695999,0.5854530334472656,0.000176643326994963,0.00017533000209368765,fully_closed,1.011742115020752,108
recent,demonstration_dracorex_base_5,2,724,833,41.86508822441101,6.403672456741333,0.46012865087158145,0.055444392834142216,0.048190922460537466,0.4601645767688751,0.05881619453430176,0.04381157085299492,0.5397617816925049,0.00017533000209368765,0.00017467333236709237,fully_closed,1.0247104167938232,109
recent,demonstration_dracorex_base_6,0,113,229,7.142330884933472,6.732001543045044,0.4582915672978323,0.06274164123991487,0.052941347477486196,0.4616362154483795,0.06426094472408295,0.04958898574113846,0.6899654865264893,0.049568481743335724,0.04946472868323326,object_width,0.9984955787658691,116
recent,demonstration_dracorex_base_6,1,365,375,21.206400394439697,0.9675459861755371,0.46409693821504233,0.05928647685172559,0.04863731073610767,0.459872305393219,0.062061458826065063,0.04384801536798477,,,0.08014879375696182,insufficient_hold,1.0353267192840576,10
recent,demonstration_dracorex_base_6,2,393,503,23.081629514694214,5.972907543182373,0.46771856066151696,0.060538576082663824,0.0560449670340472,0.4642159342765808,0.05781218409538269,0.050159864127635956,0.0,0.00018320999515708536,0.0001825533399824053,fully_closed,1.0098729133605957,110
recent,demonstration_dracorex_base_6,3,650,757,37.46088767051697,6.324718952178955,0.46755242750242554,0.05624922487775125,0.04955637980360532,0.4654022753238678,0.05688078701496124,0.045317284762859344,0.9603917598724365,0.00017927000590134412,0.00017861333617474884,fully_closed,1.0189454555511475,107
recent,demonstration_dracorex_base_6,4,898,900,51.42038941383362,0.5480666160583496,0.45999048421589667,0.06190100788937883,0.04923762194606654,0.4575541615486145,0.06072060763835907,0.04275156557559967,,,0.07942777127027512,insufficient_hold,1.0337252616882324,2
recent,demonstration_dracorex_base_6,5,936,975,53.79017162322998,1.9367434978485107,0.4594105402813958,0.05899949124575423,0.046578222542054896,0.4611649215221405,0.05825361609458923,0.04182189702987671,0.9710202217102051,0.0325358621776104,0.00022589333821088076,object_width,1.0171935558319092,39
