group,run,grasp_1_time_s,grasp_1_y_m,grasp_1_target_y_m,grasp_1_z_m,grasp_1_target_z_m,grasp_1_settled_width_m,grasp_1_width_proxy,grasp_2_time_s,grasp_2_y_m,grasp_2_target_y_m,grasp_2_z_m,grasp_2_target_z_m,grasp_2_settled_width_m,grasp_2_width_proxy,grasp_3_time_s,grasp_3_y_m,grasp_3_target_y_m,grasp_3_z_m,grasp_3_target_z_m,grasp_3_settled_width_m,grasp_3_width_proxy,grasp_4_time_s,grasp_4_y_m,grasp_4_target_y_m,grasp_4_z_m,grasp_4_target_z_m,grasp_4_settled_width_m,grasp_4_width_proxy
original,demonstration_base_prompt_no_intervention_0,7.2660980224609375,0.061427134821998394,0.059177905321121216,0.05094961343383811,0.05013915151357651,0.04914230480790138,object_width,20.46183967590332,-0.09522579204149813,-0.09777791053056717,0.06485164875911492,0.04367876797914505,0.00028236667276360095,fully_closed,33.42990446090698,-0.09774660890575881,-0.09339968115091324,0.05269613100464253,0.04616544395685196,0.049129173159599304,object_width,,,,,,,
original,demonstration_base_prompt_no_intervention_1,7.152526140213013,0.06704803724572089,0.06829164922237396,0.04783770075090964,0.04283007234334946,0.04918498918414116,object_width,21.17765474319458,-0.11269421698849777,-0.11284099519252777,0.05024578128622768,0.04590284824371338,0.048869788646698,object_width,,,,,,,,,,,,,,
original,demonstration_base_prompt_no_intervention_2,7.035739421844482,0.06455589614452044,0.0656965970993042,0.050079164383746586,0.04854357987642288,0.04916200786828995,object_width,20.079549551010132,-0.10211134643745869,-0.10573779046535492,0.059776615136950186,0.05209234356880188,0.0491153821349144,object_width,,,,,,,,,,,,,,
original,demonstration_base_prompt_no_intervention_3,7.472147464752197,0.058570663796722586,0.061473578214645386,0.046570539859120345,0.047123342752456665,0.049157410860061646,object_width,20.633012771606445,-0.09554448385531147,-0.09562394767999649,0.04801233580492139,0.045648057013750076,0.04878770560026169,object_width,,,,,,,,,,,,,,
original,demonstration_base_prompt_no_intervention_4,6.76269793510437,0.0647154360998856,0.06646274030208588,0.05801357708544106,0.04904702305793762,0.04915478453040123,object_width,20.050902605056763,-0.0973011541408992,-0.1009054034948349,0.06489598377803259,0.04953319579362869,0.006499358336441219,fully_closed,32.05065417289734,-0.07462986822270531,-0.06269384175539017,0.06327471601292489,0.05838648974895477,0.00525661651045084,fully_closed,,,,,,,
original,demonstration_base_prompt_no_intervention_5,7.483747959136963,0.05527567154172406,0.05523066222667694,0.053574217960408475,0.050801120698451996,0.049152813851833344,object_width,21.491416931152344,-0.10878031552149937,-0.1085575670003891,0.04998993372869858,0.04035313427448273,0.049421388655900955,object_width,,,,,,,,,,,,,,
original,demonstration_base_prompt_no_intervention_6,7.2036614418029785,0.06392596886867034,0.06606492400169373,0.054545337215594916,0.050968676805496216,0.04915642365813255,object_width,21.127924919128418,-0.10858588915354993,-0.11180593073368073,0.050718809809814094,0.0460200309753418,0.049204688519239426,object_width,,,,,,,,,,,,,,
original,demonstration_base_prompt_no_intervention_7,6.967583656311035,0.06743383551537638,0.0700526237487793,0.04640128276735866,0.04821687191724777,0.048876356333494186,object_width,19.450461864471436,-0.059333060350700684,-0.06364993005990982,0.0673262788181917,0.04631141573190689,0.00028696333174593747,fully_closed,32.34520387649536,-0.10194863358315114,-0.09309141337871552,0.06379817790913125,0.03909383341670036,0.0002856499922927469,fully_closed,,,,,,,
original,demonstration_base_prompt_no_intervention_8,7.474899768829346,-0.10400305327512843,-0.09888831526041031,0.04622670099194246,0.040620580315589905,0.04880412295460701,object_width,18.899108409881592,0.0671630688055499,0.06645792722702026,0.05034221707840006,0.04583991318941116,0.04911407083272934,object_width,,,,,,,,,,,,,,
original,demonstration_base_prompt_no_intervention_9,7.20279335975647,0.06918574902750546,0.07129552960395813,0.0520750270034041,0.05268566310405731,0.04911472648382187,object_width,19.904985427856445,-0.10045583717800913,-0.10167032480239868,0.06496036024929164,0.040831975638866425,0.0026759167667478323,fully_closed,26.620648622512817,-0.06268665980904876,-0.05951988697052002,0.06596442325881974,0.057309746742248535,0.0002777700137812644,fully_closed,40.187641859054565,-0.09904479835014059,-0.09230399876832962,0.06187578954495558,0.04268581420183182,0.00028827667119912803,fully_closed
recent,demonstration_dracorex_base_0,7.19684362411499,0.05442998190891141,0.053786829113960266,0.0506989363387305,0.04632603004574776,0.04945290833711624,object_width,24.533166646957397,0.05168205366524384,0.05328086018562317,0.05393259320077937,0.0480898842215538,0.00018386666488368064,fully_closed,41.040595054626465,0.05436771317165622,0.053091198205947876,0.04890662407051708,0.04715929180383682,0.0001878066686913371,fully_closed,,,,,,,
recent,demonstration_dracorex_base_1,7.559985637664795,0.04816279530381612,0.054856076836586,0.04727873400856115,0.04376240819692612,0.04946998506784439,object_width,24.88879370689392,0.05520001713960144,0.05663017928600311,0.05296093564610125,0.04850512742996216,0.00018058333080261946,fully_closed,42.46043825149536,0.05265171282886618,0.05116547644138336,0.047987797809391525,0.043366335332393646,0.00017992666107602417,fully_closed,,,,,,,
recent,demonstration_dracorex_base_2,7.775672912597656,-0.10746898131244526,-0.10741515457630157,0.04694692184205647,0.04226565733551979,0.049134425818920135,object_width,25.116694927215576,-0.03495864096807213,-0.03734032064676285,0.055360994743328035,0.05087568610906601,0.00018452333461027592,fully_closed,41.392772912979126,-0.025096599265025325,-0.0381312221288681,0.050091578941746234,0.04488776996731758,0.00018583665951155126,fully_closed,,,,,,,
recent,demonstration_dracorex_base_3,6.402117729187012,0.06160927216068315,0.06157059967517853,0.05729078877474278,0.05238828808069229,0.049445684999227524,object_width,21.126762866973877,0.052690274924007706,0.05361127853393555,0.057635499915700036,0.05447445064783096,0.000190433333045803,fully_closed,37.79537582397461,0.05434437732653959,0.05410951375961304,0.04880721518089776,0.04629635438323021,0.00018386666488368064,fully_closed,,,,,,,
recent,demonstration_dracorex_base_4,8.031523942947388,-0.08848220967875538,-0.08718553185462952,0.06543200960929922,0.04022859409451485,0.0001930599974002689,fully_closed,21.252785682678223,-0.09891192862992519,-0.0957036092877388,0.048079480820002504,0.04453617334365845,0.0492427758872509,object_width,37.43167424201965,-0.07130539578790056,-0.07400878518819809,0.03983557952742925,0.04124186187982559,0.00018124000052921474,fully_closed,,,,,,,
recent,demonstration_dracorex_base_5,6.76444411277771,0.05928671999156729,0.06128209829330444,0.05303197778743671,0.050491366535425186,0.04955108091235161,object_width,25.091405630111694,0.05443270530981366,0.051986679434776306,0.05302185113974845,0.04904855042695999,0.000176643326994963,fully_closed,41.86508822441101,0.055444392834142216,0.05881619453430176,0.048190922460537466,0.04381157085299492,0.00017533000209368765,fully_closed,,,,,,,
recent,demonstration_dracorex_base_6,7.142330884933472,0.06274164123991487,0.06426094472408295,0.052941347477486196,0.04958898574113846,0.049568481743335724,object_width,23.081629514694214,0.060538576082663824,0.05781218409538269,0.0560449670340472,0.050159864127635956,0.00018320999515708536,fully_closed,37.46088767051697,0.05624922487775125,0.05688078701496124,0.04955637980360532,0.045317284762859344,0.00017927000590134412,fully_closed,,,,,,,
